chord,periodicity.stolz_smooth_t2_log,omega.stolz_smooth_t2,gradus.euler_smooth_t2,similarity.gill_purves_smooth_t2
{0},0.000,0.000,1.000,1.000000
"{0,7}",1.000,2.000,4.000,0.666667
"{0,9}",1.585,2.000,7.000,0.466667
"{0,5}",1.585,3.000,5.000,0.500000
"{0,4}",2.000,3.000,7.000,0.400000
"{0,3}",2.322,3.000,8.000,0.333333
"{0,8}",2.322,4.000,8.000,0.300000
"{0,6}",2.565,2.500,11.500,0.314286
"{0,10}",2.746,4.500,9.000,0.288889
"{0,11}",3.000,5.000,10.000,0.183333
"{0,2}",3.085,4.500,9.000,0.222222
"{0,1}",3.907,6.000,11.000,0.125000
"{0,5,9}",1.585,4.000,9.000,0.455556
"{0,4,7}",2.000,4.000,9.000,0.466667
"{0,3,8}",2.322,5.000,10.000,0.377778
"{0,4,11}",3.000,5.000,10.000,0.416667
"{0,7,11}",3.000,5.000,10.000,0.416667
"{0,7,9}",3.057,5.000,10.333,0.451852
"{0,3,10}",3.133,5.333,10.667,0.429630
"{0,5,7}",3.164,5.333,9.667,0.462963
"{0,3,7}",3.322,4.000,9.000,0.466667
"{0,7,8}",3.322,6.000,11.000,0.363889
"{0,8,10}",3.379,6.333,12.333,0.270370
"{0,5,10}",3.416,6.000,10.333,0.429630
"{0,9,10}",3.416,6.333,13.667,0.293519
"{0,4,9}",3.585,4.000,9.000,0.455556
"{0,2,7}",3.585,5.667,10.000,0.462963
"{0,2,11}",3.585,6.000,13.333,0.290741
"{0,4,5}",3.585,6.000,11.000,0.341667
"{0,6,9}",3.628,4.667,15.333,0.371429
"{0,2,9}",3.642,5.000,11.333,0.451852
"{0,2,5}",3.642,6.000,11.333,0.351852
"{0,3,9}",3.712,4.667,15.333,0.371429
"{0,2,4}",3.723,6.000,12.000,0.281481
"{0,3,6}",3.786,5.000,15.667,0.326984
"{0,7,10}",3.800,5.333,11.667,0.429630
"{0,6,10}",3.874,6.000,15.667,0.334392
"{0,2,10}",3.887,6.667,12.667,0.270370
"{0,5,8}",3.907,5.000,10.000,0.377778
"{0,1,5}",3.907,6.000,11.000,0.341667
"{0,1,8}",3.907,6.000,11.000,0.363889
"{0,6,8}",3.924,6.333,16.000,0.278836
"{0,4,10}",3.938,6.000,15.667,0.334392
"{0,4,6}",4.043,6.000,15.667,0.312169
"{0,3,5}",4.045,5.667,12.000,0.351852
"{0,2,6}",4.100,6.000,15.667,0.312169
"{0,1,3}",4.153,6.667,14.000,0.226852
"{0,5,11}",4.164,6.667,15.333,0.332540
"{0,6,7}",4.238,6.667,15.333,0.368651
"{0,4,8}",4.322,6.667,13.667,0.366667
"{0,2,8}",4.379,6.667,16.333,0.278836
"{0,9,11}",4.390,6.667,13.000,0.290741
"{0,1,6}",4.402,7.000,15.667,0.313095
"{0,8,11}",4.655,7.667,15.667,0.272222
"{0,6,11}",4.905,7.000,16.667,0.332540
"{0,1,9}",4.907,7.667,15.667,0.297222
"{0,1,10}",4.964,7.333,13.667,0.293519
"{0,3,4}",4.989,7.667,15.667,0.286111
"{0,5,6}",5.069,7.333,17.000,0.313095
"{0,2,3}",5.133,7.667,14.000,0.226852
"{0,1,7}",5.153,7.000,16.667,0.368651
"{0,8,9}",5.240,7.667,15.667,0.297222
"{0,3,11}",5.322,7.667,15.667,0.272222
"{0,1,4}",5.574,7.667,15.667,0.286111
"{0,10,11}",6.466,10.000,18.333,0.199074
"{0,1,11}",6.712,10.000,18.333,0.199074
"{0,1,2}",6.964,10.333,18.667,0.157407
"{0,4,7,11}",3.000,5.000,10.000,0.441667
"{0,3,7,8}",3.322,6.000,11.000,0.387500
"{0,5,9,10}",3.354,7.000,14.000,0.380093
"{0,2,7,11}",3.439,6.500,13.500,0.406481
"{0,3,8,10}",3.511,6.750,13.000,0.385185
"{0,5,7,9}",3.519,6.500,12.750,0.412963
"{0,2,5,9}",3.524,6.000,12.250,0.431481
"{0,4,5,9}",3.585,6.000,11.000,0.398611
"{0,3,7,10}",3.680,6.000,12.250,0.448148
"{0,4,7,9}",3.689,5.750,12.000,0.431481
"{0,4,5,7}",3.769,7.000,14.000,0.374537
"{0,1,5,8}",3.907,6.000,11.000,0.387500
"{0,2,4,11}",3.939,6.500,13.500,0.360185
"{0,2,4,7}",3.939,6.750,13.000,0.390741
"{0,3,5,8}",4.011,6.750,13.000,0.364815
"{0,1,3,8}",4.091,7.250,14.250,0.357870
"{0,2,9,10}",4.104,7.250,14.250,0.344907
"{0,2,5,10}",4.104,7.500,13.750,0.357407
"{0,3,5,9}",4.261,6.750,17.500,0.372751
"{0,7,8,10}",4.261,7.500,14.500,0.322685
"{0,5,9,11}",4.269,7.750,17.000,0.347751
"{0,3,6,9}",4.278,6.500,20.500,0.349206
"{0,7,9,11}",4.292,7.000,13.500,0.360185
"{0,6,8,10}",4.316,7.750,17.750,0.291270
"{0,6,9,10}",4.344,8.000,19.500,0.321362
"{0,3,9,10}",4.369,7.500,18.000,0.365807
"{0,2,7,9}",4.377,6.750,13.000,0.457407
"{0,4,7,10}",4.430,6.750,17.500,0.389418
"{0,4,9,11}",4.439,6.500,12.750,0.406481
"{0,4,8,11}",4.491,7.750,15.750,0.380556
"{0,3,6,8}",4.500,7.250,18.000,0.333862
"{0,2,6,9}",4.514,6.750,17.500,0.400529
"{0,5,7,10}",4.538,7.250,13.500,0.418519
"{0,4,7,8}",4.572,8.000,16.000,0.370833
"{0,2,4,6}",4.575,7.500,17.500,0.296825
"{0,1,3,5}",4.591,7.250,14.250,0.300463
"{0,3,5,7}",4.614,6.500,13.000,0.390741
"{0,4,8,10}",4.614,8.250,18.500,0.320899
"{0,6,7,9}",4.617,7.500,18.000,0.354696
"{0,3,5,10}",4.619,7.250,13.500,0.418519
"{0,4,6,10}",4.655,8.250,20.750,0.323280
"{0,1,5,9}",4.657,8.000,16.000,0.365278
"{0,2,8,10}",4.657,8.250,18.250,0.274603
"{0,1,6,10}",4.674,8.250,17.500,0.349140
"{0,4,6,7}",4.679,8.000,17.250,0.343585
"{0,2,8,11}",4.680,8.250,19.750,0.303307
"{0,4,6,8}",4.693,8.250,18.500,0.309788
"{0,2,6,10}",4.698,8.250,18.500,0.320899
"{0,5,8,10}",4.699,7.000,13.500,0.357407
"{0,1,8,10}",4.699,7.500,14.000,0.344907
"{0,5,7,11}",4.703,7.500,16.750,0.381085
"{0,2,5,7}",4.708,7.250,13.500,0.407407
"{0,2,5,11}",4.708,7.750,18.250,0.336640
"{0,2,6,8}",4.736,8.500,21.000,0.295503
"{0,2,4,10}",4.746,8.000,18.000,0.291270
"{0,5,7,8}",4.761,7.500,13.750,0.357870
"{0,4,5,11}",4.769,7.750,16.500,0.364881
"{0,2,4,8}",4.784,8.250,18.500,0.309788
"{0,3,4,6}",4.840,8.250,19.750,0.288029
"{0,1,3,9}",4.841,8.250,19.750,0.293585
"{0,5,6,9}",4.844,8.000,19.000,0.356548
"{0,3,6,10}",4.859,6.750,16.750,0.389418
"{0,1,3,6}",4.859,8.000,18.500,0.304696
"{0,3,7,9}",4.864,6.500,16.500,0.400529
"{0,2,4,9}",4.877,6.500,13.000,0.412963
"{0,2,9,11}",4.877,7.250,15.000,0.371296
"{0,2,4,5}",4.877,8.000,14.500,0.300463
"{0,3,4,8}",4.902,8.250,16.250,0.343056
"{0,5,8,9}",4.907,7.750,15.750,0.354167
"{0,4,6,11}",4.929,7.750,17.000,0.381085
"{0,6,7,11}",4.929,7.750,16.500,0.364881
"{0,2,3,8}",5.011,8.750,18.000,0.299140
"{0,2,7,10}",5.038,7.000,13.500,0.385185
"{0,4,9,10}",5.038,7.500,17.500,0.349140
"{0,7,9,10}",5.038,7.750,15.500,0.350463
"{0,2,3,10}",5.038,8.000,14.500,0.322685
"{0,4,5,10}",5.038,8.250,17.500,0.354696
"{0,3,4,7}",5.072,7.500,15.500,0.376389
"{0,7,8,11}",5.072,8.250,16.250,0.334722
"{0,3,6,11}",5.090,8.250,19.250,0.327381
"{0,1,5,7}",5.091,7.750,17.000,0.371362
"{0,1,7,8}",5.091,8.000,16.750,0.366270
"{0,3,8,9}",5.091,8.250,19.250,0.339881
"{0,1,5,10}",5.096,7.250,13.500,0.380093
"{0,1,6,8}",5.109,8.000,17.250,0.354696
"{0,4,6,9}",5.117,6.750,16.750,0.372751
"{0,2,6,11}",5.117,7.250,17.250,0.347751
"{0,2,6,7}",5.117,8.000,17.250,0.371362
"{0,3,8,11}",5.152,8.000,16.000,0.325000
"{0,3,6,7}",5.170,7.750,18.000,0.362103
"{0,1,5,6}",5.174,8.250,17.000,0.327381
"{0,5,6,10}",5.174,8.250,17.500,0.354696
"{0,2,3,7}",5.180,7.500,13.750,0.374537
"{0,1,4,7}",5.261,8.000,19.000,0.362103
"{0,5,8,11}",5.261,8.000,18.250,0.327381
"{0,2,7,8}",5.261,8.500,17.750,0.354696
"{0,1,3,7}",5.275,7.500,17.500,0.343585
"{0,1,3,10}",5.280,7.750,15.500,0.350463
"{0,1,4,9}",5.326,7.750,15.750,0.354167
"{0,6,8,11}",5.340,9.250,20.000,0.308862
"{0,5,6,8}",5.359,8.000,18.000,0.299140
"{0,1,6,9}",5.424,8.000,18.250,0.339881
"{0,3,4,9}",5.430,7.750,18.000,0.356548
"{0,2,5,8}",5.449,7.500,17.500,0.333862
"{0,1,8,9}",5.487,8.500,16.500,0.330556
"{0,3,4,11}",5.491,8.250,16.250,0.334722
"{0,1,7,9}",5.511,9.000,19.750,0.349140
"{0,3,4,10}",5.511,9.000,19.750,0.354696
"{0,6,8,9}",5.528,8.750,19.500,0.293585
"{0,3,9,11}",5.534,8.500,19.250,0.303307
"{0,3,7,11}",5.572,7.750,15.750,0.380556
"{0,2,5,6}",5.594,9.250,20.000,0.315807
"{0,4,10,11}",5.600,9.250,19.250,0.329696
"{0,6,9,11}",5.617,8.000,18.500,0.336640
"{0,2,3,5}",5.619,8.250,16.000,0.289352
"{0,1,4,5}",5.657,8.500,16.500,0.313889
"{0,6,7,8}",5.670,9.750,19.750,0.292196
"{0,8,9,11}",5.680,9.500,18.750,0.271759
"{0,8,9,10}",5.699,10.000,19.500,0.254630
"{0,2,3,6}",5.778,8.750,19.500,0.288029
"{0,6,7,10}",5.778,8.750,19.500,0.354696
"{0,4,8,9}",5.826,8.000,16.000,0.365278
"{0,1,9,10}",5.846,9.750,19.000,0.295370
"{0,3,5,6}",5.859,8.500,19.000,0.304696
"{0,3,5,11}",5.864,9.000,19.750,0.308862
"{0,2,3,9}",5.869,8.250,18.750,0.354696
"{0,2,8,9}",5.869,9.000,19.750,0.349140
"{0,4,5,8}",5.907,8.250,16.250,0.343056
"{0,2,3,11}",5.930,9.750,19.000,0.271759
"{0,1,4,10}",5.949,8.750,19.500,0.321362
"{0,1,4,8}",5.987,8.000,16.000,0.370833
"{0,1,5,11}",6.011,9.500,19.500,0.301918
"{0,3,10,11}",6.011,9.750,18.250,0.316204
"{0,7,8,9}",6.011,9.750,18.250,0.317593
"{0,8,10,11}",6.011,10.250,18.750,0.242130
"{0,1,4,6}",6.028,9.000,19.750,0.315807
"{0,1,7,10}",6.030,8.250,18.750,0.365807
"{0,2,10,11}",6.038,10.000,19.500,0.264352
"{0,1,3,4}",6.091,9.750,19.000,0.256481
"{0,1,2,6}",6.174,9.750,19.750,0.281085
"{0,1,4,11}",6.180,9.500,18.000,0.332870
"{0,7,10,11}",6.180,9.500,18.750,0.332870
"{0,1,9,11}",6.180,10.000,18.500,0.264352
"{0,1,3,11}",6.195,10.000,19.500,0.242130
"{0,6,10,11}",6.198,9.750,20.500,0.301918
"{0,5,6,11}",6.198,10.000,22.500,0.322817
"{0,1,6,7}",6.359,10.000,22.500,0.340873
"{0,1,7,11}",6.364,9.500,20.250,0.329696
"{0,1,2,4}",6.369,10.000,19.500,0.237963
"{0,2,3,4}",6.430,10.250,18.750,0.237963
"{0,4,5,6}",6.448,10.000,20.750,0.281085
"{0,3,4,5}",6.511,10.000,19.250,0.284259
"{0,5,6,7}",6.528,10.250,20.750,0.325529
"{0,1,8,11}",6.591,9.750,19.000,0.316204
"{0,1,2,5}",6.596,10.000,18.500,0.284259
"{0,1,2,10}",6.596,10.500,19.000,0.254630
"{0,5,10,11}",6.619,10.500,21.000,0.318585
"{0,1,2,9}",6.765,10.000,19.250,0.317593
"{0,1,6,11}",6.778,10.500,21.000,0.318585
"{0,1,2,8}",6.780,10.000,20.750,0.292196
"{0,9,10,11}",6.788,11.000,20.250,0.235185
"{0,1,2,7}",6.949,10.500,21.000,0.325529
"{0,1,10,11}",7.199,11.250,20.500,0.246296
"{0,1,2,11}",7.369,11.250,20.500,0.235185
"{0,1,2,3}",7.530,11.500,20.750,0.192130
"{0,2,4,7,11}",3.751,6.800,13.600,0.406111
"{0,2,5,9,10}",3.917,7.600,14.400,0.380278
"{0,3,7,8,10}",4.073,7.600,14.400,0.383611
"{0,4,5,7,9}",4.132,7.400,14.200,0.383611
"{0,4,7,9,11}",4.351,6.800,13.200,0.406111
"{0,1,3,5,8}",4.454,7.600,14.400,0.360278
"{0,3,5,7,8}",4.673,7.800,14.200,0.360278
"{0,2,7,9,11}",4.702,7.800,15.400,0.401667
"{0,4,5,9,11}",4.732,8.200,16.800,0.377817
"{0,2,5,7,9}",4.800,7.600,14.600,0.420000
"{0,4,6,8,10}",4.853,9.400,21.800,0.308413
"{0,1,5,8,10}",4.858,7.400,13.800,0.380278
"{0,4,7,8,11}",4.858,8.200,16.200,0.380833
"{0,5,7,9,10}",4.865,8.400,16.000,0.372500
"{0,4,5,7,11}",4.880,8.000,17.200,0.381151
"{0,5,7,9,11}",4.880,8.400,18.000,0.359762
"{0,2,6,8,10}",4.887,9.600,22.000,0.298413
"{0,2,6,9,10}",4.909,9.000,20.000,0.351706
"{0,2,4,8,10}",4.926,9.600,22.000,0.298413
"{0,2,4,5,9}",4.936,7.800,14.200,0.383611
"{0,3,5,8,10}",4.941,8.000,15.000,0.386667
"{0,4,6,7,11}",4.943,8.200,16.800,0.381151
"{0,2,4,8,11}",4.944,8.800,19.800,0.350873
"{0,2,4,6,10}",4.958,9.400,21.800,0.308413
"{0,3,5,7,10}",4.959,7.800,14.800,0.413333
"{0,5,6,9,10}",4.974,9.200,20.200,0.345317
"{0,2,4,6,8}",4.989,9.400,21.800,0.301746
"{0,3,5,9,10}",4.993,8.600,19.200,0.381706
"{0,2,5,9,11}",5.000,8.200,18.200,0.377540
"{0,1,3,8,10}",5.005,8.200,15.800,0.379167
"{0,2,7,8,11}",5.009,9.200,20.200,0.351151
"{0,3,6,8,10}",5.016,8.000,18.200,0.358095
"{0,2,4,7,9}",5.019,7.600,14.600,0.420000
"{0,2,5,7,11}",5.031,8.400,19.000,0.380873
"{0,3,6,9,10}",5.038,8.600,22.000,0.357579
"{0,1,5,7,8}",5.054,8.400,17.000,0.365317
"{0,1,3,5,9}",5.054,9.000,20.000,0.328373
"{0,4,5,9,10}",5.065,8.600,17.800,0.361984
"{0,3,5,7,9}",5.073,7.800,18.000,0.374762
"{0,4,7,8,10}",5.073,9.200,20.200,0.338373
"{0,2,6,7,11}",5.094,8.200,17.400,0.377817
"{0,2,3,7,10}",5.095,7.800,14.200,0.383611
"{0,3,7,9,10}",5.159,8.400,18.400,0.381706
"{0,1,5,8,9}",5.171,8.600,16.600,0.361667
"{0,2,5,7,10}",5.182,8.200,15.200,0.386667
"{0,1,6,8,10}",5.185,8.800,18.400,0.350595
"{0,3,4,7,8}",5.186,8.600,16.600,0.358333
"{0,3,4,6,8}",5.200,9.200,20.200,0.315040
"{0,1,3,7,8}",5.202,8.400,17.600,0.365317
"{0,4,5,7,10}",5.212,8.800,19.400,0.368373
"{0,2,4,9,11}",5.219,7.600,15.200,0.401667
"{0,1,5,6,10}",5.238,8.800,17.400,0.361984
"{0,2,6,7,9}",5.245,8.600,19.200,0.391706
"{0,3,5,8,9}",5.254,9.200,20.200,0.349484
"{0,3,4,6,11}",5.272,9.200,20.200,0.337817
"{0,4,6,8,11}",5.272,9.400,19.800,0.354206
"{0,2,3,7,8}",5.273,9.000,17.600,0.348651
"{0,2,4,5,7}",5.283,8.600,16.200,0.352500
"{0,3,6,7,9}",5.287,8.600,22.000,0.350913
"{0,2,4,6,11}",5.294,8.000,17.600,0.359762
"{0,2,4,6,7}",5.294,8.800,18.400,0.340595
"{0,1,3,6,10}",5.302,8.600,18.600,0.365040
"{0,2,5,6,9}",5.309,9.000,20.000,0.376151
"{0,1,3,8,9}",5.319,9.400,20.400,0.335317
"{0,3,4,8,11}",5.322,8.600,16.600,0.354167
"{0,5,8,9,11}",5.326,9.600,20.600,0.317817
"{0,2,4,6,9}",5.328,7.800,18.000,0.374762
"{0,1,3,6,8}",5.333,8.800,19.400,0.351706
"{0,3,4,8,10}",5.337,9.400,19.800,0.355040
"{0,2,7,9,10}",5.382,8.200,15.800,0.379167
"{0,1,5,6,8}",5.385,8.600,17.800,0.348651
"{0,5,6,8,10}",5.385,8.600,18.200,0.320595
"{0,1,4,5,7}",5.390,9.200,20.200,0.341984
"{0,1,5,7,9}",5.390,9.400,19.800,0.361706
"{0,4,6,9,10}",5.392,9.400,22.200,0.336468
"{0,3,6,8,11}",5.400,9.400,20.400,0.331984
"{0,1,3,5,7}",5.402,8.200,17.800,0.340595
"{0,2,4,7,8}",5.409,9.600,20.000,0.348373
"{0,4,6,7,9}",5.411,8.400,18.400,0.358373
"{0,2,6,8,11}",5.423,9.400,22.200,0.325635
"{0,2,3,8,10}",5.424,9.200,18.800,0.327262
"{0,1,6,9,10}",5.438,9.800,20.800,0.331984
"{0,1,4,5,9}",5.443,8.800,16.800,0.355000
"{0,2,3,5,10}",5.446,8.800,16.400,0.349167
"{0,2,5,8,10}",5.458,8.600,18.800,0.331429
"{0,2,4,9,10}",5.465,8.600,18.200,0.350595
"{0,2,4,5,10}",5.465,9.400,19.000,0.320595
"{0,3,4,7,10}",5.473,9.000,20.000,0.386151
"{0,2,5,8,11}",5.476,9.000,22.400,0.330079
"{0,2,4,5,11}",5.483,8.800,18.600,0.343373
"{0,3,4,6,10}",5.487,9.400,22.200,0.339802
"{0,6,7,9,11}",5.494,8.600,18.400,0.343373
"{0,2,4,7,10}",5.495,8.200,18.400,0.358095
"{0,3,5,6,9}",5.521,9.200,22.600,0.334246
"{0,6,8,9,10}",5.521,10.400,21.800,0.279762
"{0,1,4,7,9}",5.526,9.000,20.000,0.366151
"{0,3,4,6,7}",5.536,9.600,20.600,0.325317
"{0,1,3,7,9}",5.537,9.400,22.200,0.336468
"{0,3,4,6,9}",5.540,8.800,22.200,0.334246
"{0,5,7,8,10}",5.541,8.600,16.200,0.349167
"{0,4,7,10,11}",5.544,9.000,19.400,0.371151
"{0,2,5,6,10}",5.574,9.800,20.200,0.338373
"{0,1,3,6,9}",5.585,9.000,22.400,0.324246
"{0,3,7,8,11}",5.586,8.600,16.600,0.354167
"{0,3,5,9,11}",5.609,9.800,22.600,0.325635
"{0,4,8,10,11}",5.609,10.200,20.600,0.323373
"{0,4,7,9,10}",5.612,8.400,19.000,0.365040
"{0,3,6,9,11}",5.623,9.200,22.600,0.330079
"{0,2,7,8,10}",5.624,9.000,18.600,0.327262
"{0,2,6,9,11}",5.645,8.200,18.800,0.377540
"{0,2,3,9,10}",5.646,9.000,18.800,0.350873
"{0,3,4,7,11}",5.658,8.200,16.200,0.380833
"{0,5,8,9,10}",5.658,9.600,19.000,0.326111
"{0,4,8,9,11}",5.661,9.200,18.400,0.359722
"{0,3,6,7,8}",5.665,9.600,20.000,0.331984
"{0,3,6,8,9}",5.668,9.400,22.800,0.324246
"{0,5,7,8,11}",5.673,9.200,19.600,0.337817
"{0,2,3,8,11}",5.673,10.000,21.000,0.307817
"{0,2,5,6,8}",5.721,9.800,22.600,0.306468
"{0,5,6,8,9}",5.721,9.800,20.800,0.311984
"{0,1,3,5,10}",5.722,8.200,15.800,0.372500
"{0,4,5,8,11}",5.726,9.200,19.800,0.355595
"{0,1,5,9,11}",5.726,10.200,20.600,0.320040
"{0,3,6,7,11}",5.736,9.200,19.800,0.355595
"{0,4,6,7,8}",5.736,10.400,20.800,0.310873
"{0,3,8,10,11}",5.737,9.800,18.400,0.325278
"{0,2,3,5,8}",5.741,9.200,19.200,0.318373
"{0,3,6,7,10}",5.751,8.800,19.200,0.386151
"{0,2,3,5,7}",5.759,8.400,16.000,0.352500
"{0,2,8,10,11}",5.759,10.600,22.000,0.275595
"{0,2,3,6,9}",5.774,9.200,22.600,0.350913
"{0,6,7,9,10}",5.774,9.800,21.600,0.327540
"{0,1,5,9,10}",5.775,9.400,18.600,0.357222
"{0,1,3,5,6}",5.785,9.200,19.000,0.307540
"{0,4,5,7,8}",5.790,9.600,18.800,0.340556
"{0,1,3,4,9}",5.790,9.800,20.800,0.311984
"{0,5,7,8,9}",5.790,9.800,18.400,0.336111
"{0,2,3,5,9}",5.793,8.600,19.200,0.358373
"{0,2,5,8,9}",5.793,9.000,19.400,0.366151
"{0,2,8,9,10}",5.793,10.400,21.200,0.303095
"{0,1,7,8,10}",5.805,9.000,18.800,0.350873
"{0,3,8,9,10}",5.805,10.200,21.800,0.334206
"{0,3,4,7,9}",5.809,8.600,19.000,0.376151
"{0,2,3,7,11}",5.809,9.400,18.600,0.359722
"{0,4,6,9,11}",5.811,8.400,18.400,0.380873
"{0,2,8,9,11}",5.812,9.800,21.600,0.330040
"{0,2,3,6,11}",5.823,9.600,20.600,0.317817
"{0,4,6,7,10}",5.823,9.800,22.600,0.339802
"{0,2,4,10,11}",5.831,10.000,20.800,0.318929
"{0,1,5,6,9}",5.838,9.400,20.000,0.346429
"{0,4,5,8,9}",5.843,8.800,16.800,0.355000
"{0,1,4,7,8}",5.854,9.200,19.800,0.366429
"{0,2,6,8,9}",5.857,10.000,22.800,0.336468
"{0,1,4,9,11}",5.861,9.400,18.000,0.348611
"{0,3,8,9,11}",5.873,9.800,20.800,0.307817
"{0,1,3,9,11}",5.873,10.400,21.800,0.275595
"{0,3,6,10,11}",5.887,9.600,20.000,0.344484
"{0,3,7,9,11}",5.892,9.000,19.600,0.350873
"{0,2,7,10,11}",5.895,9.400,18.800,0.348611
"{0,1,4,8,9}",5.907,8.600,16.600,0.361667
"{0,1,4,6,10}",5.921,10.000,22.800,0.336468
"{0,1,3,9,10}",5.922,10.000,21.800,0.330873
"{0,3,4,5,9}",5.926,9.600,20.000,0.338651
"{0,3,5,6,8}",5.933,9.000,19.600,0.318373
"{0,6,7,8,11}",5.936,10.400,20.800,0.316984
"{0,3,5,8,11}",5.937,9.200,19.600,0.331984
"{0,1,3,4,7}",5.937,9.600,20.600,0.325317
"{0,3,7,8,9}",5.937,9.600,20.000,0.345317
"{0,1,4,7,10}",5.941,9.200,22.600,0.357579
"{0,3,4,9,11}",5.944,9.000,19.400,0.351151
"{0,2,3,6,8}",5.951,10.200,23.000,0.306468
"{0,6,7,8,10}",5.951,10.400,21.200,0.299762
"{0,1,3,7,10}",5.953,8.600,19.200,0.381706
"{0,3,5,7,11}",5.956,9.200,19.800,0.354206
"{0,4,6,10,11}",5.958,10.200,22.400,0.341468
"{0,2,3,7,9}",5.959,8.600,18.600,0.391706
"{0,1,4,5,8}",5.971,8.600,16.600,0.358333
"{0,1,6,8,9}",5.985,9.400,19.800,0.335317
"{0,3,4,8,9}",5.990,9.400,20.000,0.346429
"{0,1,4,9,10}",5.993,9.800,20.800,0.331984
"{0,1,4,7,11}",6.009,9.200,19.600,0.371151
"{0,3,4,10,11}",6.009,10.200,20.600,0.340317
"{0,7,8,9,11}",6.009,10.200,19.600,0.304444
"{0,2,3,4,6}",6.023,10.400,21.800,0.269762
"{0,1,2,6,10}",6.038,10.600,21.000,0.314206
"{0,1,5,8,11}",6.054,9.400,19.800,0.344484
"{0,1,7,8,9}",6.054,10.400,20.800,0.331151
"{0,1,4,6,9}",6.057,9.000,19.400,0.349484
"{0,5,6,7,9}",6.057,10.200,21.800,0.337540
"{0,3,4,5,7}",6.073,9.600,19.000,0.332778
"{0,3,7,10,11}",6.073,9.800,19.000,0.369722
"{0,1,5,7,11}",6.073,10.000,22.200,0.341468
"{0,2,3,4,8}",6.073,10.600,21.000,0.294206
"{0,7,8,10,11}",6.073,10.600,19.800,0.297778
"{0,3,4,9,10}",6.076,10.000,22.800,0.353413
"{0,4,8,9,10}",6.076,10.200,21.400,0.314206
"{0,2,3,6,7}",6.087,9.400,19.800,0.341984
"{0,2,6,7,8}",6.087,10.600,22.800,0.318968
"{0,6,8,10,11}",6.087,10.600,21.400,0.288929
"{0,3,5,6,10}",6.102,9.000,19.000,0.368373
"{0,2,5,6,11}",6.109,10.000,22.800,0.335913
"{0,2,6,10,11}",6.109,10.000,21.200,0.320040
"{0,1,3,4,8}",6.119,9.600,18.800,0.340556
"{0,1,5,7,10}",6.122,8.600,18.600,0.381706
"{0,1,8,9,10}",6.122,10.400,19.800,0.308611
"{0,4,7,8,9}",6.126,9.800,19.000,0.353889
"{0,1,4,5,11}",6.126,10.200,20.600,0.333651
"{0,1,3,5,11}",6.137,10.200,21.000,0.288929
"{0,4,6,8,9}",6.140,9.400,20.000,0.328373
"{0,2,5,7,8}",6.141,9.200,19.200,0.351706
"{0,4,5,8,10}",6.141,9.600,20.200,0.338373
"{0,2,3,5,11}",6.159,10.200,22.000,0.300040
"{0,2,6,7,10}",6.174,9.400,20.000,0.355040
"{0,1,2,6,9}",6.174,9.600,20.000,0.345317
"{0,4,5,6,9}",6.192,9.800,20.200,0.338651
"{0,5,6,9,11}",6.192,10.400,23.200,0.335913
"{0,1,2,4,10}",6.193,10.600,22.000,0.279762
"{0,1,3,8,11}",6.202,9.600,19.000,0.325278
"{0,5,6,8,11}",6.204,10.400,23.200,0.312579
"{0,1,4,8,10}",6.205,9.200,19.800,0.351706
"{0,2,3,4,7}",6.209,9.800,18.400,0.332778
"{0,1,7,9,11}",6.209,10.200,21.000,0.318929
"{0,2,4,8,9}",6.212,9.400,20.000,0.361706
"{0,1,3,6,7}",6.216,10.200,23.000,0.333413
"{0,1,3,7,11}",6.220,10.000,21.200,0.323373
"{0,2,3,6,10}",6.238,9.400,20.000,0.338373
"{0,2,5,10,11}",6.246,10.600,22.200,0.323373
"{0,1,2,4,6}",6.257,10.200,21.000,0.286429
"{0,4,5,6,10}",6.257,10.600,22.800,0.318968
"{0,1,4,5,10}",6.258,9.400,19.800,0.345317
"{0,1,4,6,8}",6.268,9.400,20.000,0.348373
"{0,1,3,4,6}",6.268,10.200,22.000,0.290873
"{0,2,4,5,8}",6.276,9.600,20.200,0.315040
"{0,2,3,9,11}",6.295,10.200,21.400,0.330040
"{0,1,6,7,9}",6.321,10.200,23.000,0.336746
"{0,1,2,4,9}",6.329,9.600,19.000,0.336111
"{0,6,8,9,11}",6.340,10.400,21.600,0.300040
"{0,2,3,4,11}",6.344,10.400,19.600,0.304444
"{0,4,9,10,11}",6.348,10.400,21.000,0.329206
"{0,1,3,6,11}",6.351,10.600,22.200,0.310040
"{0,2,3,10,11}",6.359,10.600,20.000,0.301111
"{0,3,9,10,11}",6.359,11.000,22.200,0.302540
"{0,1,2,5,10}",6.375,10.000,18.600,0.326111
"{0,2,9,10,11}",6.382,10.600,20.000,0.306667
"{0,1,2,6,8}",6.385,10.400,22.600,0.318968
"{0,1,4,8,11}",6.390,9.800,19.000,0.369722
"{0,1,8,9,11}",6.390,10.600,19.800,0.301111
"{0,2,4,5,6}",6.392,10.600,21.400,0.286429
"{0,4,5,6,8}",6.404,10.400,21.600,0.294206
"{0,6,7,10,11}",6.423,10.200,21.200,0.333651
"{0,1,2,5,6}",6.438,10.600,21.000,0.304484
"{0,3,4,5,8}",6.454,10.200,19.400,0.323889
"{0,1,3,4,5}",6.454,10.600,19.800,0.278611
"{0,1,7,9,10}",6.458,10.400,21.600,0.330873
"{0,1,3,4,11}",6.473,10.400,19.800,0.297778
"{0,1,2,4,7}",6.476,10.400,22.000,0.324206
"{0,2,7,8,9}",6.476,10.600,21.200,0.360873
"{0,3,5,6,11}",6.487,10.800,23.600,0.312579
"{0,1,6,7,10}",6.502,10.600,23.400,0.353413
"{0,6,9,10,11}",6.509,11.000,22.800,0.295873
"{0,1,2,5,9}",6.510,10.000,19.200,0.353889
"{0,1,2,9,10}",6.510,10.800,20.000,0.308611
"{0,1,2,5,8}",6.522,9.800,20.200,0.331984
"{0,1,2,8,10}",6.522,10.600,21.400,0.303095
"{0,5,9,10,11}",6.529,11.200,22.400,0.312540
"{0,1,7,8,11}",6.537,10.200,21.200,0.340317
"{0,1,2,4,8}",6.541,10.200,21.400,0.310873
"{0,5,8,10,11}",6.541,10.400,20.800,0.310040
"{0,2,3,8,9}",6.541,10.800,23.600,0.336746
"{0,7,8,9,10}",6.541,11.000,20.400,0.287500
"{0,3,5,6,7}",6.551,10.200,20.600,0.324206
"{0,2,3,4,10}",6.559,10.600,21.400,0.299762
"{0,5,7,10,11}",6.559,10.600,21.800,0.353373
"{0,1,2,4,5}",6.593,10.600,20.000,0.278611
"{0,1,4,6,7}",6.604,10.600,23.400,0.333413
"{0,6,7,8,9}",6.604,11.200,22.400,0.290040
"{0,1,3,4,10}",6.605,10.400,21.600,0.327540
"{0,3,4,5,11}",6.609,10.400,21.400,0.316984
"{0,4,5,10,11}",6.612,11.000,23.200,0.341746
"{0,5,6,7,11}",6.623,10.800,23.000,0.335079
"{0,3,5,10,11}",6.624,10.800,21.400,0.343373
"{0,2,3,5,6}",6.638,10.600,21.800,0.290873
"{0,5,6,7,10}",6.638,10.600,21.200,0.347540
"{0,1,6,9,11}",6.657,10.200,20.600,0.323373
"{0,5,6,7,8}",6.668,11.000,21.600,0.293373
"{0,4,5,6,11}",6.675,11.000,23.200,0.335079
"{0,1,4,10,11}",6.676,11.000,22.200,0.319206
"{0,1,3,10,11}",6.688,10.800,20.200,0.300000
"{0,7,9,10,11}",6.695,10.600,20.000,0.303333
"{0,1,4,5,6}",6.721,10.600,21.600,0.304484
"{0,1,6,7,8}",6.733,11.000,23.200,0.335913
"{0,1,4,6,11}",6.740,10.600,21.200,0.353373
"{0,2,5,6,7}",6.774,10.800,22.000,0.340873
"{0,5,6,10,11}",6.774,11.200,23.400,0.325079
"{0,1,5,6,7}",6.785,11.000,23.200,0.329246
"{0,2,3,4,9}",6.812,10.200,20.600,0.337540
"{0,1,2,4,11}",6.812,10.600,20.000,0.303333
"{0,1,7,10,11}",6.824,11.000,22.800,0.319206
"{0,1,6,10,11}",6.838,11.400,22.600,0.319206
"{0,1,2,5,7}",6.858,10.600,21.200,0.340873
"{0,1,2,8,9}",6.858,10.600,21.600,0.331151
"{0,1,5,10,11}",6.858,10.800,21.400,0.319206
"{0,1,6,8,11}",6.868,10.800,22.000,0.343373
"{0,8,9,10,11}",6.876,12.200,22.200,0.239167
"{0,1,6,7,11}",6.887,11.000,23.200,0.341746
"{0,1,5,6,11}",6.921,11.200,23.400,0.325079
"{0,4,5,6,7}",6.940,11.400,22.600,0.303373
"{0,3,4,5,10}",6.941,11.000,22.200,0.347540
"{0,1,2,7,11}",6.959,11.200,22.400,0.329206
"{0,1,2,6,11}",6.974,10.800,21.400,0.312540
"{0,1,2,7,10}",6.975,10.400,20.800,0.334206
"{0,1,2,7,9}",6.993,10.800,22.000,0.360873
"{0,1,2,5,11}",6.993,11.200,22.400,0.295873
"{0,1,9,10,11}",6.993,12.200,22.200,0.259167
"{0,3,4,5,6}",7.004,11.400,23.200,0.270040
"{0,1,8,10,11}",7.005,10.800,20.200,0.300000
"{0,1,2,7,8}",7.005,11.200,23.400,0.335913
"{0,1,2,6,7}",7.038,11.200,23.400,0.329246
"{0,1,2,3,7}",7.088,11.000,21.600,0.303373
"{0,1,2,3,6}",7.102,11.400,22.600,0.270040
"{0,1,2,3,5}",7.122,11.000,20.400,0.260833
"{0,1,2,9,11}",7.129,10.800,20.200,0.306667
"{0,1,2,8,11}",7.141,11.200,23.000,0.302540
"{0,1,2,3,9}",7.258,11.400,23.200,0.290040
"{0,1,2,3,8}",7.270,11.600,22.800,0.293373
"{0,2,3,4,5}",7.276,11.200,20.600,0.260833
"{0,1,2,10,11}",7.310,12.400,22.400,0.259167
"{0,1,2,3,11}",7.424,12.400,22.400,0.239167
"{0,1,2,3,10}",7.439,11.200,20.600,0.287500
"{0,1,2,3,4}",7.541,12.400,22.400,0.223333
"{0,4,5,7,9,11}",4.997,8.500,17.500,0.374841
"{0,2,4,7,9,11}",5.016,8.000,15.500,0.409259
"{0,2,4,6,8,10}",5.072,10.500,24.500,0.302857
"{0,2,4,7,8,11}",5.174,9.500,20.167,0.368915
"{0,2,5,7,9,10}",5.180,8.667,16.167,0.383148
"{0,2,4,6,7,11}",5.245,8.667,17.667,0.374841
"{0,1,3,5,7,8}",5.319,8.833,17.833,0.355397
"{0,3,5,7,8,10}",5.338,8.833,16.333,0.374259
"{0,2,5,6,9,10}",5.340,9.833,20.500,0.358360
"{0,2,5,7,9,11}",5.387,8.833,19.000,0.385767
"{0,1,5,6,8,10}",5.403,9.000,18.000,0.357619
"{0,2,4,5,9,10}",5.416,9.333,18.333,0.357619
"{0,1,3,5,8,9}",5.417,9.833,20.500,0.347249
"{0,1,3,5,8,10}",5.420,8.500,16.000,0.383148
"{0,2,4,5,7,9}",5.431,8.667,16.167,0.385370
"{0,2,4,5,7,11}",5.456,9.000,19.000,0.370397
"{0,3,4,6,8,11}",5.500,9.833,20.500,0.342249
"{0,3,4,7,8,10}",5.501,9.833,20.500,0.360582
"{0,3,4,6,8,10}",5.513,9.833,22.000,0.336164
"{0,2,4,6,8,11}",5.519,9.667,21.833,0.344497
"{0,2,4,6,9,10}",5.522,9.833,22.000,0.345053
"{0,2,6,7,9,11}",5.537,9.000,19.000,0.379286
"{0,4,5,7,9,10}",5.538,9.333,19.333,0.359841
"{0,3,5,7,9,10}",5.548,9.167,19.333,0.377434
"{0,2,3,7,8,10}",5.574,9.333,18.333,0.353175
"{0,1,4,5,7,9}",5.589,9.833,20.500,0.353915
"{0,2,3,5,7,10}",5.592,8.833,16.333,0.374259
"{0,2,4,5,9,11}",5.598,9.000,18.500,0.379286
"{0,1,3,5,7,9}",5.599,9.833,22.000,0.340608
"{0,2,3,5,9,10}",5.620,9.333,19.333,0.364286
"{0,1,3,6,8,10}",5.623,9.167,19.333,0.370767
"{0,3,4,7,8,11}",5.655,9.000,17.000,0.364444
"{0,4,6,7,9,11}",5.676,8.833,18.333,0.370397
"{0,2,5,6,8,10}",5.683,10.167,22.333,0.318386
"{0,5,6,8,9,10}",5.683,10.500,21.500,0.310397
"{0,2,4,7,8,10}",5.687,10.167,22.333,0.329497
"{0,4,5,8,9,11}",5.702,10.000,20.667,0.351323
"{0,4,7,8,10,11}",5.727,10.500,21.167,0.339471
"{0,2,5,8,9,10}",5.743,10.000,20.500,0.339841
"{0,2,4,7,10,11}",5.746,9.500,20.000,0.361508
"{0,3,6,7,9,10}",5.752,10.000,23.000,0.354868
"{0,2,3,7,9,10}",5.759,9.167,18.667,0.375397
"{0,2,5,8,9,11}",5.759,10.000,23.000,0.345423
"{0,1,3,7,8,10}",5.778,9.333,19.333,0.375397
"{0,3,4,6,7,11}",5.780,9.833,20.500,0.353545
"{0,3,5,6,9,10}",5.780,10.000,23.000,0.354868
"{0,1,5,6,9,10}",5.780,10.167,20.833,0.349656
"{0,4,6,7,8,11}",5.780,10.333,20.500,0.346138
"{0,2,3,7,8,11}",5.781,10.167,20.833,0.344656
"{0,3,4,8,10,11}",5.781,10.333,20.500,0.343915
"{0,2,5,7,8,11}",5.784,10.000,23.000,0.347646
"{0,2,6,8,9,10}",5.796,11.167,23.833,0.313386
"{0,2,4,8,10,11}",5.800,11.000,23.667,0.317275
"{0,2,4,6,7,9}",5.801,9.167,19.333,0.372989
"{0,4,5,7,8,11}",5.825,9.833,20.500,0.353545
"{0,5,7,8,9,11}",5.825,10.500,21.500,0.320952
"{0,1,3,6,9,10}",5.834,10.167,23.167,0.345979
"{0,3,6,8,10,11}",5.846,10.167,20.667,0.334841
"{0,2,7,8,10,11}",5.853,10.667,21.667,0.318730
"{0,1,3,5,6,8}",5.859,9.500,19.500,0.339841
"{0,1,4,5,7,8}",5.863,10.000,20.667,0.349656
"{0,1,5,7,8,9}",5.863,10.500,20.667,0.344471
"{0,1,4,5,9,11}",5.869,10.333,20.500,0.348360
"{0,3,5,8,9,11}",5.879,10.667,23.333,0.323201
"{0,1,3,5,9,11}",5.879,11.000,23.667,0.306164
"{0,3,4,6,7,8}",5.887,10.667,21.333,0.320026
"{0,3,5,7,9,11}",5.894,10.000,22.333,0.344497
"{0,3,6,7,8,10}",5.900,10.000,20.500,0.348730
"{0,3,6,8,9,10}",5.903,10.500,23.500,0.329683
"{0,1,6,8,9,10}",5.903,10.667,21.667,0.323730
"{0,3,4,6,10,11}",5.906,10.500,22.667,0.344868
"{0,2,6,7,8,11}",5.906,10.667,22.833,0.338201
"{0,4,6,8,10,11}",5.906,10.833,23.000,0.326164
"{0,1,4,5,8,9}",5.907,9.333,17.333,0.358333
"{0,1,5,7,8,10}",5.920,9.167,18.667,0.364286
"{0,3,5,7,8,9}",5.932,10.167,20.667,0.342063
"{0,1,4,7,9,11}",5.938,9.667,20.167,0.361508
"{0,4,7,8,9,11}",5.938,9.833,19.167,0.356296
"{0,3,4,6,9,11}",5.950,9.833,22.833,0.347646
"{0,3,4,6,7,10}",5.959,10.500,23.167,0.350423
"{0,2,3,6,8,11}",5.959,10.667,23.333,0.323201
"{0,4,6,7,8,10}",5.959,11.167,23.833,0.311164
"{0,3,4,6,9,10}",5.962,10.500,25.167,0.342487
"{0,1,4,6,9,10}",5.962,10.667,23.333,0.339312
"{0,2,5,6,8,9}",5.962,10.667,23.333,0.337090
"{0,2,3,5,8,10}",5.964,9.667,19.833,0.344101
"{0,2,4,6,9,11}",5.968,8.667,18.833,0.385767
"{0,2,4,5,7,10}",5.969,9.667,19.833,0.350767
"{0,1,5,8,9,11}",5.976,10.667,21.333,0.330582
"{0,1,3,7,8,9}",5.986,10.667,22.833,0.338757
"{0,3,4,5,7,9}",5.992,9.833,20.333,0.348730
"{0,1,4,5,7,11}",5.992,10.333,22.500,0.351534
"{0,1,5,7,9,11}",5.992,10.667,22.833,0.335053
"{0,1,3,5,6,10}",6.001,9.500,19.000,0.359841
"{0,3,7,8,10,11}",6.001,10.333,19.500,0.345185
"{0,3,4,6,7,9}",6.003,10.000,23.000,0.339312
"{0,2,3,5,7,8}",6.004,9.667,19.167,0.339841
"{0,1,5,8,9,10}",6.017,10.000,19.333,0.347963
"{0,2,3,4,6,11}",6.019,10.333,21.333,0.320952
"{0,1,3,6,8,9}",6.026,10.167,23.167,0.337090
"{0,1,3,4,8,9}",6.030,10.167,20.833,0.340767
"{0,2,3,6,7,9}",6.032,10.000,23.000,0.361534
"{0,2,6,8,10,11}",6.032,11.000,23.833,0.306164
"{0,4,6,8,9,10}",6.032,11.000,23.833,0.308942
"{0,1,3,4,7,9}",6.045,10.500,23.167,0.337090
"{0,2,3,5,7,9}",6.048,9.000,19.167,0.372989
"{0,3,6,7,8,11}",6.054,10.500,21.167,0.335767
"{0,1,2,6,9,10}",6.060,10.833,21.500,0.335582
"{0,3,4,7,10,11}",6.061,10.167,20.833,0.369101
"{0,2,3,4,8,11}",6.061,10.667,21.333,0.326138
"{0,2,7,8,9,11}",6.064,10.667,22.167,0.347619
"{0,1,5,6,8,9}",6.070,10.167,20.833,0.340767
"{0,2,3,6,7,11}",6.072,10.000,20.667,0.351323
"{0,3,6,7,9,11}",6.072,10.000,22.833,0.340979
"{0,2,4,6,7,8}",6.072,11.000,23.167,0.317831
"{0,2,3,8,10,11}",6.074,10.833,21.833,0.312063
"{0,4,5,6,9,10}",6.075,10.833,23.000,0.334312
"{0,3,5,8,9,10}",6.086,10.500,22.000,0.353175
"{0,4,5,7,8,9}",6.089,10.333,19.500,0.341296
"{0,2,4,6,10,11}",6.091,10.500,22.833,0.335053
"{0,2,4,8,9,10}",6.092,10.833,23.167,0.324497
"{0,1,3,4,5,7}",6.099,10.500,21.500,0.314841
"{0,1,3,8,9,11}",6.099,10.667,21.667,0.312063
"{0,2,6,7,9,10}",6.104,10.167,21.667,0.357619
"{0,2,4,8,9,11}",6.108,10.000,21.500,0.365952
"{0,2,3,4,7,8}",6.114,10.667,20.833,0.331138
"{0,1,3,7,9,11}",6.114,10.833,23.667,0.317275
"{0,2,5,6,9,11}",6.119,10.167,22.667,0.363201
"{0,3,5,6,8,10}",6.123,9.333,19.500,0.350767
"{0,2,3,4,6,8}",6.126,11.167,23.833,0.295608
"{0,2,5,6,8,11}",6.129,10.667,25.333,0.324153
"{0,1,2,4,6,10}",6.129,11.167,23.833,0.308942
"{0,2,4,7,9,10}",6.136,9.167,19.333,0.370767
"{0,1,4,6,8,10}",6.139,10.167,22.500,0.345053
"{0,2,3,6,8,10}",6.139,10.333,22.667,0.329497
"{0,3,5,6,8,9}",6.139,10.667,23.667,0.321534
"{0,1,3,8,9,10}",6.140,10.833,22.333,0.341508
"{0,1,4,7,8,9}",6.143,10.333,21.000,0.351878
"{0,1,3,4,5,9}",6.143,10.833,21.500,0.317804
"{0,2,4,6,7,10}",6.145,10.167,22.500,0.336164
"{0,2,4,6,8,9}",6.145,10.167,22.500,0.340608
"{0,2,3,6,9,11}",6.145,10.333,23.333,0.345423
"{0,2,4,5,8,10}",6.146,10.500,22.833,0.318386
"{0,1,3,5,8,11}",6.153,9.833,20.333,0.334841
"{0,1,3,4,7,8}",6.153,10.000,20.667,0.349656
"{0,3,5,6,7,9}",6.154,10.500,23.500,0.331905
"{0,2,3,6,9,10}",6.157,10.167,23.000,0.352646
"{0,3,4,8,9,11}",6.158,10.000,20.667,0.344656
"{0,1,3,4,9,11}",6.158,10.500,21.500,0.318730
"{0,2,4,5,8,11}",6.161,10.167,23.000,0.340979
"{0,2,3,5,9,11}",6.161,10.500,23.333,0.338016
"{0,3,5,7,8,11}",6.168,9.833,20.167,0.342249
"{0,1,3,5,7,11}",6.168,10.500,22.833,0.326164
"{0,2,3,5,8,11}",6.171,10.500,23.500,0.318757
"{0,3,4,7,9,11}",6.174,9.333,19.667,0.368915
"{0,2,3,4,7,11}",6.174,10.000,19.167,0.356296
"{0,1,3,5,9,10}",6.184,10.167,21.667,0.355397
"{0,4,6,7,10,11}",6.185,10.500,22.667,0.351534
"{0,2,3,5,7,11}",6.187,10.167,21.667,0.345952
"{0,2,3,7,10,11}",6.187,10.167,19.500,0.354074
"{0,2,4,5,6,9}",6.188,10.167,20.667,0.348730
"{0,1,2,4,9,10}",6.190,10.667,21.667,0.323730
"{0,3,6,9,10,11}",6.198,11.000,24.000,0.327090
"{0,1,4,5,7,10}",6.199,10.000,23.000,0.354868
"{0,1,3,6,7,9}",6.208,10.667,25.333,0.331376
"{0,1,3,5,7,10}",6.209,9.000,19.167,0.377434
"{0,3,6,8,9,11}",6.224,10.667,23.667,0.318757
"{0,2,3,5,6,9}",6.227,10.500,23.500,0.339312
"{0,5,6,7,9,10}",6.227,10.833,22.333,0.334841
"{0,2,5,9,10,11}",6.233,10.833,21.833,0.340952
"{0,1,3,5,6,9}",6.236,10.333,23.167,0.325979
"{0,1,2,6,8,10}",6.236,11.000,23.167,0.324497
"{0,2,3,4,6,7}",6.239,10.667,21.667,0.314841
"{0,2,3,4,8,10}",6.240,11.000,23.167,0.315608
"{0,1,2,4,6,9}",6.242,9.833,20.333,0.342063
"{0,2,6,8,9,11}",6.242,10.500,23.333,0.338016
"{0,4,6,7,9,10}",6.242,10.500,23.333,0.336349
"{0,2,4,5,6,10}",6.242,11.167,23.333,0.311164
"{0,1,4,5,9,10}",6.243,10.167,20.833,0.349656
"{0,2,5,8,10,11}",6.243,10.833,23.833,0.315794
"{0,1,3,4,6,9}",6.252,10.333,23.333,0.321534
"{0,4,5,6,8,10}",6.252,10.833,23.167,0.311164
"{0,2,6,7,8,10}",6.252,11.000,23.333,0.315608
"{0,1,4,8,9,11}",6.256,10.167,19.333,0.354074
"{0,2,5,7,10,11}",6.259,10.500,22.000,0.357063
"{0,3,4,5,7,8}",6.266,10.333,19.667,0.332407
"{0,1,5,7,8,11}",6.266,10.500,22.667,0.344868
"{0,4,5,7,8,10}",6.269,10.500,22.000,0.337619
"{0,3,4,5,9,11}",6.271,10.667,22.833,0.338201
"{0,1,2,5,6,10}",6.280,10.833,21.000,0.333360
"{0,3,7,8,9,11}",6.281,10.500,21.333,0.326138
"{0,3,4,7,9,10}",6.284,10.333,22.833,0.365979
"{0,3,6,7,10,11}",6.293,10.333,21.000,0.357989
"{0,2,5,7,8,10}",6.297,9.667,19.833,0.344101
"{0,2,3,7,9,11}",6.300,10.167,21.167,0.365952
"{0,1,4,5,8,11}",6.309,10.333,21.000,0.357989
"{0,3,4,5,8,9}",6.309,10.667,21.333,0.336323
"{0,2,6,7,10,11}",6.311,10.167,21.000,0.348360
"{0,1,4,7,9,10}",6.312,10.500,23.500,0.345979
"{0,4,5,8,9,10}",6.312,10.500,21.333,0.333360
"{0,3,4,6,8,9}",6.321,10.333,23.167,0.325979
"{0,1,3,6,9,11}",6.321,10.667,23.667,0.315794
"{0,1,4,7,8,10}",6.322,10.167,23.000,0.352646
"{0,1,3,7,9,10}",6.322,10.667,23.500,0.349683
"{0,2,5,6,7,9}",6.340,10.500,22.000,0.366508
"{0,1,2,5,9,10}",6.341,10.333,19.500,0.347963
"{0,4,7,9,10,11}",6.343,10.167,20.667,0.349841
"{0,2,3,6,7,8}",6.346,11.000,23.167,0.325423
"{0,1,2,5,8,10}",6.351,10.167,20.667,0.339841
"{0,2,3,4,7,10}",6.353,10.167,20.667,0.348730
"{0,1,3,6,7,10}",6.359,10.500,23.000,0.365979
"{0,2,3,6,10,11}",6.365,10.500,21.333,0.330582
"{0,2,3,4,6,10}",6.365,11.000,23.833,0.311164
"{0,2,4,5,6,8}",6.365,11.167,24.000,0.295608
"{0,5,6,8,9,11}",6.365,11.333,24.333,0.311534
"{0,1,4,8,9,10}",6.366,10.500,21.333,0.335582
"{0,2,3,5,8,9}",6.366,10.667,23.167,0.343757
"{0,1,2,4,8,10}",6.366,11.000,23.833,0.313386
"{0,2,7,9,10,11}",6.372,10.333,19.833,0.345926
"{0,1,4,7,8,11}",6.379,10.167,20.833,0.369101
"{0,3,4,7,8,9}",6.379,10.333,21.000,0.347434
"{0,4,6,8,9,11}",6.380,10.333,21.333,0.345952
"{0,2,6,9,10,11}",6.383,10.833,22.333,0.334286
"{0,1,3,7,8,11}",6.388,10.167,21.000,0.343915
"{0,1,3,4,7,10}",6.391,10.500,23.500,0.354868
"{0,3,7,8,9,10}",6.391,11.000,22.000,0.339286
"{0,1,2,5,6,9}",6.393,10.500,21.167,0.347434
"{0,3,4,5,7,11}",6.394,10.167,21.000,0.346138
"{0,4,5,7,10,11}",6.397,10.833,23.333,0.358201
"{0,1,3,4,6,10}",6.403,10.667,23.500,0.336349
"{0,1,2,5,6,8}",6.403,10.833,23.000,0.325423
"{0,2,3,4,6,9}",6.409,10.500,23.500,0.331905
"{0,1,2,4,5,10}",6.410,10.833,21.833,0.310397
"{0,2,4,9,10,11}",6.416,10.667,21.333,0.344656
"{0,1,3,4,5,8}",6.417,10.333,19.500,0.332407
"{0,1,4,6,8,9}",6.419,9.833,20.167,0.347249
"{0,2,3,6,7,10}",6.419,9.833,20.167,0.360582
"{0,1,2,4,6,8}",6.419,10.667,23.000,0.317831
"{0,1,4,5,8,10}",6.420,9.667,20.000,0.358360
"{0,2,4,5,8,9}",6.425,10.000,20.333,0.353915
"{0,1,3,4,6,8}",6.428,10.333,21.833,0.333175
"{0,1,3,4,8,11}",6.432,10.167,19.500,0.345185
"{0,3,5,6,9,11}",6.434,11.333,26.000,0.324153
"{0,3,4,8,9,10}",6.435,11.167,24.000,0.338757
"{0,3,5,6,8,11}",6.444,10.833,23.333,0.320979
"{0,3,6,7,8,9}",6.444,11.167,24.167,0.318757
"{0,1,6,7,9,10}",6.447,11.333,24.333,0.332090
"{0,1,3,4,7,11}",6.448,10.333,21.167,0.339471
"{0,1,4,7,10,11}",6.451,10.833,23.833,0.349312
"{0,2,3,8,9,11}",6.451,11.333,24.333,0.324868
"{0,6,7,8,10,11}",6.459,11.500,22.500,0.302619
"{0,1,5,7,9,10}",6.464,10.333,21.333,0.355397
"{0,1,3,6,10,11}",6.472,11.000,22.000,0.336508
"{0,2,5,6,7,11}",6.478,10.833,23.333,0.351534
"{0,2,5,7,8,9}",6.479,10.500,21.000,0.359841
"{0,2,3,5,10,11}",6.479,11.167,22.667,0.325397
"{0,1,3,6,8,11}",6.498,10.667,22.167,0.341508
"{0,3,4,5,7,10}",6.504,10.667,22.167,0.362063
"{0,3,8,9,10,11}",6.504,11.833,23.333,0.300397
"{0,1,2,6,8,9}",6.516,10.833,23.000,0.338757
"{0,1,4,5,6,10}",6.516,11.000,23.167,0.334312
"{0,3,7,9,10,11}",6.520,11.000,22.000,0.336508
"{0,4,6,9,10,11}",6.522,11.167,24.000,0.337460
"{0,1,2,4,5,9}",6.523,10.333,19.667,0.341296
"{0,2,8,9,10,11}",6.523,12.000,23.667,0.290767
"{0,1,4,6,7,9}",6.532,10.500,23.000,0.343757
"{0,4,5,6,8,9}",6.532,10.833,21.667,0.317804
"{0,2,3,5,6,11}",6.532,11.333,24.333,0.311534
"{0,5,7,8,9,10}",6.533,10.833,20.333,0.322037
"{0,1,3,4,9,10}",6.533,11.333,24.333,0.332090
"{0,4,5,9,10,11}",6.538,11.333,23.333,0.342090
"{0,1,3,4,8,10}",6.543,10.333,21.333,0.357619
"{0,3,4,5,8,11}",6.545,10.500,21.167,0.335767
"{0,1,7,8,9,11}",6.545,11.333,22.333,0.315952
"{0,5,6,7,9,11}",6.547,11.000,23.500,0.333016
"{0,2,4,5,7,8}",6.548,10.667,21.667,0.333175
"{0,4,7,8,9,10}",6.548,11.167,22.667,0.321508
"{0,3,5,9,10,11}",6.548,11.667,24.500,0.330794
"{0,1,3,6,7,8}",6.551,11.000,23.500,0.343201
"{0,1,3,4,6,11}",6.557,11.000,22.500,0.323175
"{0,3,5,8,10,11}",6.558,10.667,21.167,0.341508
"{0,1,2,4,7,11}",6.564,10.667,21.667,0.349841
"{0,3,4,9,10,11}",6.564,11.333,23.833,0.335423
"{0,2,3,5,6,8}",6.570,11.000,23.833,0.305238
"{0,3,5,7,10,11}",6.574,10.833,21.833,0.363730
"{0,1,2,4,7,10}",6.577,10.667,23.667,0.329683
"{0,2,7,8,9,10}",6.577,11.167,21.833,0.325212
"{0,4,5,6,9,11}",6.591,11.000,23.000,0.351534
"{0,1,2,4,7,9}",6.592,10.500,22.000,0.359841
"{0,2,3,9,10,11}",6.592,11.333,22.333,0.320397
"{0,1,4,9,10,11}",6.592,11.667,23.167,0.320397
"{0,4,5,6,8,11}",6.601,11.333,24.167,0.329312
"{0,1,3,9,10,11}",6.602,12.000,23.667,0.295212
"{0,2,5,6,10,11}",6.604,11.333,24.167,0.331534
"{0,1,3,4,6,7}",6.611,11.333,24.333,0.316534
"{0,1,3,8,10,11}",6.612,10.500,20.000,0.334815
"{0,1,3,7,10,11}",6.627,11.000,22.500,0.340952
"{0,1,4,5,6,9}",6.629,10.667,21.333,0.336323
"{0,1,2,5,8,9}",6.630,10.500,21.167,0.351878
"{0,2,3,8,9,10}",6.630,11.333,23.833,0.331349
"{0,1,2,8,9,10}",6.630,11.500,22.500,0.314286
"{0,2,3,4,10,11}",6.633,11.333,22.333,0.315952
"{0,2,4,5,10,11}",6.636,11.333,23.833,0.330794
"{0,1,4,5,6,8}",6.639,10.500,21.333,0.331138
"{0,3,5,6,7,10}",6.639,10.500,21.000,0.362063
"{0,1,4,6,9,11}",6.645,10.333,20.833,0.357063
"{0,4,5,6,7,9}",6.645,11.000,22.000,0.330397
"{0,6,7,9,10,11}",6.645,11.167,22.667,0.313730
"{0,1,2,4,8,9}",6.646,10.333,21.167,0.344471
"{0,1,2,4,5,7}",6.646,11.000,22.500,0.321508
"{0,3,4,5,9,10}",6.646,11.167,23.667,0.352090
"{0,5,8,9,10,11}",6.646,11.833,23.333,0.295952
"{0,2,4,7,8,9}",6.661,10.833,21.833,0.364286
"{0,5,7,9,10,11}",6.661,11.167,22.333,0.331323
"{0,4,8,9,10,11}",6.661,11.833,23.333,0.311508
"{0,3,5,6,7,8}",6.664,10.833,21.333,0.314841
"{0,6,7,8,9,11}",6.670,11.333,22.333,0.302619
"{0,2,3,7,8,9}",6.671,11.167,23.167,0.352090
"{0,5,7,8,10,11}",6.671,11.167,22.167,0.323175
"{0,5,6,9,10,11}",6.673,11.833,24.833,0.319868
"{0,1,3,6,7,11}",6.680,11.333,24.167,0.333757
"{0,5,6,8,10,11}",6.683,11.167,23.167,0.310794
"{0,1,4,6,7,10}",6.683,11.333,26.000,0.342487
"{0,1,5,6,7,9}",6.683,11.333,24.167,0.334312
"{0,2,3,6,8,9}",6.683,11.500,26.167,0.331376
"{0,6,7,8,9,10}",6.683,12.167,23.833,0.284656
"{0,2,4,5,6,11}",6.688,10.833,22.833,0.333016
"{0,3,4,5,6,9}",6.698,11.333,24.333,0.314312
"{0,1,2,4,5,8}",6.699,10.667,21.500,0.320026
"{0,1,2,4,9,11}",6.705,10.333,19.833,0.345926
"{0,2,3,5,6,10}",6.711,10.667,21.667,0.337619
"{0,1,3,4,5,11}",6.712,11.333,22.333,0.302619
"{0,4,5,8,10,11}",6.715,11.333,23.667,0.333757
"{0,5,6,7,8,11}",6.724,11.667,24.167,0.310979
"{0,1,6,9,10,11}",6.727,11.833,23.333,0.309286
"{0,2,3,4,7,9}",6.730,10.333,20.833,0.366508
"{0,5,6,7,8,10}",6.736,11.167,21.833,0.311878
"{0,1,5,9,10,11}",6.743,11.833,23.333,0.313730
"{0,3,5,6,10,11}",6.752,11.333,23.333,0.340423
"{0,5,6,7,8,9}",6.752,12.000,23.500,0.298730
"{0,1,5,8,10,11}",6.753,10.500,21.000,0.336508
"{0,1,7,8,9,10}",6.753,11.500,22.500,0.316508
"{0,1,3,5,6,7}",6.762,11.000,23.000,0.320238
"{0,1,6,7,9,11}",6.767,10.833,22.833,0.330794
"{0,4,6,7,8,9}",6.767,11.167,22.167,0.317063
"{0,1,4,8,10,11}",6.769,11.000,22.000,0.340952
"{0,1,5,7,10,11}",6.769,11.167,24.000,0.341905
"{0,1,2,4,7,8}",6.769,11.333,24.167,0.336534
"{0,4,5,6,7,11}",6.783,11.333,23.333,0.339868
"{0,1,6,7,8,10}",6.790,11.333,23.833,0.338016
"{0,3,5,6,7,11}",6.793,11.333,23.667,0.329312
"{0,1,5,6,9,11}",6.796,11.333,23.667,0.331534
"{0,1,2,4,5,6}",6.796,11.500,22.500,0.289841
"{0,1,4,6,10,11}",6.796,11.667,24.500,0.341905
"{0,2,6,7,8,9}",6.796,11.833,24.667,0.333571
"{0,6,8,9,10,11}",6.796,12.167,23.833,0.277434
"{0,1,5,6,8,11}",6.806,11.167,23.667,0.340423
"{0,1,6,7,8,9}",6.806,11.667,24.167,0.320423
"{0,1,4,5,10,11}",6.812,11.500,24.000,0.335423
"{0,1,4,6,8,11}",6.821,10.833,21.833,0.363730
"{0,1,3,5,10,11}",6.822,11.000,21.667,0.329101
"{0,3,4,5,8,10}",6.822,11.000,22.000,0.348730
"{0,2,5,6,7,10}",6.824,11.000,22.000,0.348730
"{0,1,5,6,7,10}",6.834,11.167,23.167,0.352090
"{0,1,4,6,7,11}",6.837,11.000,23.000,0.358201
"{0,1,3,4,10,11}",6.838,11.333,22.333,0.322619
"{0,1,2,6,9,11}",6.840,10.500,21.000,0.340952
"{0,2,3,4,9,11}",6.843,10.833,21.833,0.347619
"{0,2,5,6,7,8}",6.849,11.667,24.500,0.313571
"{0,1,2,5,9,11}",6.856,11.000,22.000,0.334286
"{0,2,3,4,9,10}",6.856,11.000,23.000,0.338016
"{0,1,2,4,10,11}",6.856,12.000,23.667,0.301878
"{0,1,5,6,7,8}",6.859,11.500,23.500,0.329312
"{0,1,2,5,8,11}",6.866,11.167,24.167,0.327090
"{0,1,4,6,7,8}",6.875,11.333,23.667,0.336534
"{0,3,4,5,6,8}",6.875,11.333,22.833,0.297063
"{0,1,3,5,6,11}",6.875,11.500,24.000,0.310794
"{0,1,2,4,8,11}",6.882,11.000,22.500,0.336508
"{0,1,2,5,7,11}",6.882,11.500,24.333,0.337460
"{0,1,7,9,10,11}",6.882,12.000,23.667,0.301878
"{0,1,7,8,10,11}",6.891,11.333,22.833,0.322619
"{0,1,2,6,7,9}",6.893,11.167,23.667,0.352090
"{0,1,2,5,7,10}",6.894,10.500,21.000,0.353175
"{0,1,6,8,10,11}",6.903,11.333,22.500,0.329101
"{0,1,2,4,6,11}",6.909,10.833,21.500,0.331323
"{0,1,2,5,7,9}",6.910,10.833,21.833,0.364286
"{0,1,6,8,9,11}",6.919,11.167,22.167,0.325397
"{0,2,3,5,6,7}",6.919,11.167,22.167,0.321508
"{0,1,6,7,10,11}",6.919,11.833,24.833,0.335423
"{0,1,2,5,7,8}",6.920,11.167,23.167,0.343201
"{0,2,3,4,5,9}",6.925,10.833,21.333,0.330397
"{0,1,2,4,5,11}",6.925,11.333,22.333,0.313730
"{0,1,2,3,6,9}",6.947,11.333,24.333,0.318757
"{0,1,5,6,10,11}",6.947,11.667,23.667,0.335423
"{0,2,3,4,5,7}",6.951,10.833,20.333,0.315370
"{0,7,8,9,10,11}",6.951,12.333,22.333,0.275926
"{0,1,2,4,6,7}",6.962,11.333,23.833,0.320238
"{0,4,5,6,7,10}",6.962,11.833,24.667,0.324683
"{0,1,2,3,5,9}",6.964,11.167,22.667,0.317063
"{0,1,2,3,5,8}",6.973,11.167,22.167,0.314841
"{0,1,2,7,10,11}",6.979,11.833,23.333,0.320397
"{0,4,5,6,7,8}",6.988,12.167,23.667,0.294286
"{0,1,2,3,5,7}",6.989,11.000,21.667,0.314101
"{0,1,2,6,10,11}",6.991,12.000,23.500,0.313730
"{0,1,2,7,9,11}",6.995,11.167,22.333,0.344656
"{0,3,4,5,6,11}",7.003,12.000,25.000,0.310979
"{0,1,2,7,8,11}",7.004,11.833,24.833,0.335423
"{0,1,2,7,9,10}",7.007,11.167,22.167,0.341508
"{0,1,2,5,10,11}",7.007,12.000,23.500,0.309286
"{0,1,2,6,8,11}",7.016,11.333,24.167,0.330794
"{0,3,4,5,6,10}",7.016,11.667,24.500,0.324683
"{0,1,2,7,8,10}",7.017,11.167,23.167,0.331349
"{0,1,2,6,7,11}",7.032,11.500,23.500,0.342090
"{0,5,6,7,10,11}",7.032,11.833,24.333,0.333201
"{0,1,8,9,10,11}",7.033,12.333,22.333,0.282593
"{0,1,2,6,7,10}",7.044,11.500,23.833,0.338757
"{0,2,3,4,8,9}",7.048,11.500,23.833,0.334312
"{0,3,4,5,6,7}",7.057,12.000,23.500,0.296508
"{0,1,2,5,6,11}",7.060,11.667,24.167,0.319868
"{0,2,3,4,5,11}",7.064,11.500,23.000,0.302619
"{0,1,2,3,7,11}",7.074,12.000,23.500,0.311508
"{0,2,4,5,6,7}",7.075,11.500,22.667,0.314101
"{0,4,5,6,10,11}",7.075,12.167,25.833,0.331931
"{0,1,2,3,6,11}",7.085,12.000,23.500,0.295952
"{0,1,4,5,6,7}",7.085,12.000,25.000,0.313757
"{0,1,2,3,7,10}",7.086,10.833,21.333,0.339286
"{0,1,3,4,5,10}",7.086,11.167,22.167,0.334841
"{0,1,2,3,6,10}",7.098,11.333,22.333,0.321508
"{0,1,2,3,7,9}",7.102,11.500,24.333,0.333571
"{0,2,3,4,5,8}",7.102,11.500,22.500,0.297063
"{0,1,2,3,5,11}",7.102,12.167,23.833,0.277434
"{0,1,6,7,8,11}",7.111,11.833,24.333,0.337646
"{0,1,2,3,7,8}",7.112,11.667,23.667,0.329312
"{0,1,2,3,5,10}",7.115,10.833,20.333,0.322037
"{0,3,4,5,10,11}",7.117,12.000,24.500,0.337646
"{0,1,2,9,10,11}",7.120,12.333,22.333,0.291481
"{0,1,2,3,6,8}",7.123,11.833,24.667,0.313571
"{0,1,2,8,10,11}",7.130,12.167,23.833,0.295212
"{0,1,3,4,5,6}",7.139,11.667,23.167,0.285397
"{0,1,2,3,6,7}",7.139,11.833,24.333,0.313757
"{0,1,2,8,9,11}",7.146,11.500,23.000,0.320397
"{0,1,5,6,7,11}",7.154,12.000,25.667,0.331931
"{0,1,2,3,5,6}",7.167,11.667,22.667,0.285397
"{0,1,2,3,4,7}",7.171,12.000,23.500,0.296508
"{0,1,2,3,4,6}",7.183,12.167,23.833,0.266878
"{0,1,4,5,6,11}",7.198,12.000,24.500,0.333201
"{0,1,2,7,8,9}",7.199,12.000,24.500,0.342646
"{0,1,2,3,9,11}",7.215,12.167,23.833,0.290767
"{0,1,2,3,8,11}",7.225,12.000,23.500,0.300397
"{0,1,2,3,9,10}",7.228,11.667,23.167,0.316508
"{0,1,2,6,7,8}",7.236,12.167,25.833,0.328042
"{0,1,2,3,8,10}",7.238,11.500,22.667,0.325212
"{0,2,3,4,5,10}",7.243,11.667,22.833,0.311878
"{0,1,2,3,8,9}",7.253,12.167,25.167,0.320423
"{0,1,2,5,6,7}",7.280,12.000,24.500,0.324868
"{0,2,3,4,5,6}",7.296,12.333,24.000,0.266878
"{0,1,2,3,4,9}",7.312,12.000,23.500,0.298730
"{0,1,2,3,4,8}",7.322,12.167,23.667,0.294286
"{0,1,2,3,10,11}",7.366,12.500,22.500,0.282593
"{0,1,2,3,4,11}",7.451,12.333,22.333,0.275926
"{0,1,2,3,4,10}",7.464,12.333,24.000,0.284656
"{0,1,2,3,4,5}",7.533,12.500,22.500,0.254259
"{0,2,4,5,7,9,11}",5.701,9.286,19.000,0.382559
"{0,2,4,6,7,9,11}",5.830,9.286,19.000,0.382559
"{0,2,3,5,7,9,10}",5.863,9.571,19.286,0.371844
"{0,3,4,6,8,10,11}",5.868,10.714,22.429,0.340514
"{0,2,4,7,8,10,11}",5.874,11.000,23.143,0.338927
"{0,2,5,6,8,9,10}",5.895,11.143,23.286,0.328212
"{0,2,4,6,7,8,11}",5.919,10.714,22.429,0.348450
"{0,1,4,5,7,9,11}",5.933,10.571,22.286,0.351625
"{0,4,5,7,8,9,11}",5.933,10.571,21.286,0.344728
"{0,1,3,5,7,8,9}",5.975,10.857,22.571,0.340911
"{0,1,5,6,8,9,10}",5.987,10.714,21.429,0.338776
"{0,2,4,5,7,9,10}",5.998,9.857,19.571,0.363908
"{0,3,4,7,8,10,11}",6.001,10.714,21.143,0.353193
"{0,1,3,5,7,8,10}",6.023,9.571,19.286,0.371844
"{0,2,4,6,8,10,11}",6.027,11.286,25.000,0.324660
"{0,1,3,5,6,8,10}",6.033,9.714,19.429,0.363908
"{0,3,4,6,7,8,11}",6.046,10.714,21.143,0.342082
"{0,2,4,6,8,9,10}",6.051,11.429,25.143,0.321882
"{0,3,4,6,7,8,10}",6.057,11.143,23.286,0.334562
"{0,1,3,5,8,9,11}",6.071,11.143,23.286,0.326228
"{0,1,3,5,7,9,11}",6.085,11.286,25.000,0.324660
"{0,2,4,5,6,9,10}",6.089,11.000,22.714,0.340911
"{0,2,3,4,7,8,11}",6.098,10.714,21.143,0.348432
"{0,2,3,4,6,8,11}",6.108,11.000,23.143,0.327816
"{0,1,4,5,7,8,9}",6.109,10.857,21.286,0.345654
"{0,2,3,7,8,10,11}",6.109,10.857,21.571,0.338379
"{0,2,5,7,8,9,11}",6.125,10.857,23.571,0.348450
"{0,1,2,4,6,9,10}",6.135,11.143,23.286,0.334562
"{0,2,3,5,7,8,10}",6.158,10.000,19.714,0.352797
"{0,1,3,4,5,7,9}",6.168,11.143,23.286,0.329800
"{0,1,3,6,8,9,10}",6.176,11.000,23.714,0.344085
"{0,2,4,5,7,8,11}",6.184,10.714,23.286,0.350567
"{0,2,3,4,6,7,11}",6.205,10.571,21.286,0.344728
"{0,1,4,5,8,9,11}",6.206,10.857,21.286,0.351606
"{0,2,4,6,7,8,10}",6.216,11.571,25.286,0.315533
"{0,3,5,7,8,9,11}",6.228,11.143,23.429,0.327816
"{0,2,4,5,6,8,10}",6.240,11.571,25.286,0.307596
"{0,3,4,6,7,10,11}",6.251,11.000,23.143,0.353874
"{0,4,6,7,8,10,11}",6.251,11.571,23.714,0.327419
"{0,2,3,4,7,8,10}",6.252,11.000,22.714,0.337736
"{0,1,3,4,5,7,8}",6.260,10.714,21.429,0.335601
"{0,2,3,6,8,10,11}",6.262,11.143,23.429,0.326228
"{0,2,3,4,6,8,10}",6.262,11.429,25.143,0.315533
"{0,1,2,5,6,9,10}",6.265,11.000,21.429,0.347241
"{0,2,4,6,7,10,11}",6.267,10.571,22.429,0.351625
"{0,1,2,5,6,8,10}",6.273,11.000,22.714,0.336149
"{0,3,5,6,8,9,10}",6.273,11.143,23.857,0.334562
"{0,3,4,5,7,9,11}",6.278,10.571,22.429,0.348450
"{0,2,5,6,8,9,11}",6.278,11.286,25.429,0.336961
"{0,2,4,7,8,9,11}",6.281,10.714,22.000,0.368405
"{0,3,5,6,7,9,10}",6.286,11.000,23.714,0.347260
"{0,1,4,6,8,9,10}",6.286,11.143,23.429,0.334562
"{0,1,2,4,6,8,10}",6.286,11.429,25.143,0.321882
"{0,3,4,6,7,9,11}",6.289,10.429,23.000,0.350567
"{0,2,4,5,8,9,10}",6.292,11.000,22.857,0.336149
"{0,2,3,6,7,8,11}",6.297,11.286,23.429,0.336413
"{0,1,3,4,5,8,9}",6.298,11.000,21.429,0.337717
"{0,3,4,6,7,9,10}",6.300,11.286,25.429,0.343707
"{0,2,4,5,8,9,11}",6.305,10.714,23.286,0.356916
"{0,1,3,4,8,9,11}",6.311,10.714,21.429,0.338379
"{0,1,4,5,7,8,11}",6.311,11.000,23.143,0.353874
"{0,1,5,7,8,9,11}",6.311,11.571,23.714,0.329006
"{0,2,3,6,7,9,11}",6.313,10.714,23.286,0.356916
"{0,2,3,5,8,9,11}",6.314,11.429,25.571,0.332200
"{0,1,3,5,7,8,11}",6.320,10.571,22.429,0.340514
"{0,2,3,6,7,9,10}",6.324,10.714,23.286,0.358900
"{0,1,3,4,7,9,11}",6.324,10.857,23.143,0.338927
"{0,2,3,5,7,9,11}",6.327,10.571,23.000,0.356255
"{0,1,3,6,7,9,10}",6.332,11.429,25.571,0.345295
"{0,1,3,5,8,9,10}",6.333,10.857,22.143,0.356104
"{0,2,3,5,7,8,11}",6.335,10.857,23.429,0.337868
"{0,3,6,7,8,10,11}",6.343,11.143,21.857,0.336791
"{0,2,3,5,6,9,10}",6.348,10.857,23.429,0.350964
"{0,2,3,4,8,10,11}",6.349,11.571,23.714,0.324244
"{0,1,3,5,6,9,10}",6.356,10.857,23.429,0.349376
"{0,1,3,4,7,8,9}",6.357,11.143,23.286,0.341572
"{0,2,6,7,8,10,11}",6.359,11.571,23.857,0.321070
"{0,1,3,4,6,9,10}",6.370,11.429,25.571,0.337358
"{0,1,2,6,8,9,10}",6.370,11.714,23.857,0.327816
"{0,1,2,4,5,9,10}",6.376,10.857,21.571,0.338776
"{0,2,5,8,9,10,11}",6.376,11.714,24.429,0.321070
"{0,1,3,5,6,8,9}",6.378,11.000,23.571,0.335091
"{0,4,5,6,8,9,10}",6.383,11.571,23.857,0.315117
"{0,2,5,7,9,10,11}",6.389,10.857,21.857,0.355178
"{0,3,4,6,9,10,11}",6.396,11.571,25.714,0.339739
"{0,2,5,7,8,10,11}",6.397,11.286,24.000,0.332577
"{0,2,4,7,9,10,11}",6.402,10.429,21.000,0.363114
"{0,1,4,7,8,9,11}",6.408,10.857,21.571,0.351077
"{0,3,4,5,8,9,11}",6.408,11.286,23.429,0.336413
"{0,1,3,4,5,9,11}",6.408,11.571,23.714,0.321070
"{0,1,3,7,8,9,11}",6.416,11.429,23.714,0.324244
"{0,3,4,6,8,9,11}",6.418,10.857,23.429,0.337868
"{0,3,4,6,8,9,10}",6.429,11.429,25.429,0.328893
"{0,1,3,6,9,10,11}",6.429,11.714,24.429,0.324244
"{0,2,4,6,8,9,11}",6.434,10.571,23.000,0.356255
"{0,2,5,6,7,9,11}",6.434,10.857,23.143,0.361149
"{0,2,3,5,9,10,11}",6.435,11.571,24.000,0.336943
"{0,2,3,4,6,7,8}",6.440,11.714,23.857,0.313530
"{0,2,3,5,8,10,11}",6.443,11.286,24.000,0.327816
"{0,2,5,6,7,9,10}",6.445,11.000,22.286,0.354516
"{0,2,3,4,7,10,11}",6.446,10.857,21.571,0.351077
"{0,2,4,5,7,10,11}",6.448,11.000,23.286,0.353212
"{0,2,3,6,7,8,10}",6.451,11.000,22.857,0.337736
"{0,3,4,5,7,8,9}",6.454,11.143,21.857,0.334014
"{0,2,3,4,6,10,11}",6.456,11.286,23.571,0.329006
"{0,2,3,5,7,10,11}",6.457,11.000,22.286,0.352532
"{0,2,4,6,7,9,10}",6.458,10.714,23.143,0.350302
"{0,3,4,7,8,9,11}",6.467,10.571,21.143,0.348432
"{0,1,4,5,6,9,10}",6.467,11.429,23.571,0.339985
"{0,1,2,5,8,9,10}",6.468,11.000,21.714,0.341950
"{0,2,3,5,8,9,10}",6.468,11.143,23.429,0.345673
"{0,1,4,5,6,8,10}",6.475,10.857,22.714,0.340911
"{0,2,4,5,6,8,9}",6.480,11.286,23.571,0.329800
"{0,2,3,5,6,9,11}",6.480,11.571,25.714,0.336961
"{0,1,4,5,7,9,10}",6.481,10.857,23.429,0.349376
"{0,1,2,4,8,9,10}",6.481,11.429,23.714,0.327816
"{0,2,3,5,6,8,11}",6.488,11.571,25.714,0.317914
"{0,3,6,8,9,10,11}",6.488,11.857,24.571,0.314720
"{0,1,3,5,7,9,10}",6.489,10.714,23.143,0.356652
"{0,1,4,5,7,8,10}",6.489,10.714,23.286,0.350964
"{0,2,3,4,6,9,11}",6.493,10.857,23.571,0.348450
"{0,2,3,6,7,10,11}",6.502,10.714,21.286,0.351606
"{0,1,3,4,6,9,11}",6.502,11.000,23.714,0.332577
"{0,2,3,4,6,7,10}",6.502,11.143,23.429,0.334562
"{0,3,6,7,9,10,11}",6.502,11.429,24.000,0.335884
"{0,4,5,7,9,10,11}",6.507,11.143,23.000,0.348054
"{0,1,3,4,7,8,10}",6.511,10.857,23.429,0.358900
"{0,3,4,5,7,8,11}",6.513,10.714,21.286,0.342082
"{0,1,2,5,6,8,9}",6.513,11.286,23.429,0.341572
"{0,1,3,4,5,7,11}",6.513,11.286,23.571,0.327419
"{0,2,6,7,9,10,11}",6.518,11.000,22.286,0.345786
"{0,1,3,4,6,8,10}",6.521,10.714,23.143,0.350302
"{0,1,2,4,6,8,9}",6.526,10.714,22.571,0.340911
"{0,2,3,5,6,7,9}",6.526,11.143,23.857,0.344085
"{0,1,4,5,8,9,10}",6.527,10.714,21.286,0.347241
"{0,1,2,4,5,8,10}",6.527,11.143,23.429,0.328212
"{0,1,3,4,6,8,9}",6.534,10.857,23.429,0.335091
"{0,3,6,7,8,9,10}",6.534,11.857,24.571,0.324641
"{0,2,3,4,6,7,9}",6.539,11.000,23.714,0.344085
"{0,2,6,7,8,9,11}",6.539,11.571,24.000,0.338530
"{0,2,5,6,9,10,11}",6.542,11.571,24.143,0.342234
"{0,1,3,4,6,7,9}",6.548,11.429,25.571,0.327834
"{0,3,5,6,8,9,11}",6.548,11.857,26.000,0.317914
"{0,3,5,7,8,9,10}",6.549,11.143,22.143,0.346051
"{0,2,5,6,8,10,11}",6.550,11.571,25.571,0.318972
"{0,2,3,7,9,10,11}",6.553,11.143,22.000,0.348961
"{0,1,4,7,9,10,11}",6.553,11.571,24.286,0.336943
"{0,2,4,6,9,10,11}",6.555,11.143,23.571,0.349509
"{0,1,3,4,7,8,11}",6.559,10.571,21.143,0.353193
"{0,2,5,7,8,9,10}",6.564,11.000,21.571,0.341289
"{0,2,3,6,9,10,11}",6.564,11.429,24.000,0.337472
"{0,2,4,5,9,10,11}",6.569,11.429,23.286,0.349641
"{0,2,3,7,8,9,11}",6.575,11.571,24.143,0.342234
"{0,1,3,6,8,10,11}",6.580,11.000,22.000,0.347241
"{0,2,3,6,8,9,11}",6.585,11.714,25.857,0.332200
"{0,2,5,6,7,8,11}",6.585,11.857,26.000,0.328628
"{0,1,3,6,8,9,11}",6.594,11.286,24.000,0.327816
"{0,1,3,7,8,9,10}",6.595,11.714,24.143,0.342101
"{0,3,4,5,7,9,10}",6.599,11.143,23.429,0.355197
"{0,1,4,5,7,10,11}",6.599,11.571,25.714,0.347676
"{0,1,3,6,7,9,11}",6.607,11.429,25.429,0.326909
"{0,3,4,5,7,8,10}",6.608,11.143,22.429,0.348167
"{0,1,4,6,7,9,10}",6.610,11.714,25.857,0.337358
"{0,1,2,4,5,6,10}",6.610,11.857,24.000,0.315117
"{0,2,4,5,6,9,11}",6.614,10.857,22.714,0.361149
"{0,2,4,5,6,8,11}",6.623,11.429,25.429,0.328496
"{0,2,4,5,7,8,10}",6.624,11.143,23.571,0.331255
"{0,1,3,6,7,8,10}",6.626,11.143,23.429,0.358371
"{0,1,3,4,6,10,11}",6.631,11.571,24.000,0.338530
"{0,1,3,4,8,9,10}",6.632,11.571,24.143,0.342630
"{0,4,6,7,9,10,11}",6.636,11.286,23.714,0.340117
"{0,1,2,4,7,10,11}",6.637,11.571,24.286,0.336943
"{0,2,7,8,9,10,11}",6.637,12.143,23.571,0.314701
"{0,1,3,6,7,8,9}",6.640,11.857,26.000,0.329025
"{0,2,3,5,6,8,10}",6.642,11.000,23.429,0.331255
"{0,1,3,4,5,8,11}",6.643,11.000,21.714,0.336791
"{0,2,3,5,7,8,9}",6.645,11.143,23.000,0.347260
"{0,1,3,4,7,9,10}",6.645,11.714,25.857,0.345295
"{0,3,5,8,9,10,11}",6.645,12.143,25.000,0.322657
"{0,2,3,4,6,9,10}",6.647,11.429,25.429,0.336829
"{0,2,6,8,9,10,11}",6.647,12.143,25.000,0.311017
"{0,1,2,4,7,9,11}",6.650,10.714,21.714,0.363114
"{0,1,3,4,6,8,11}",6.653,11.000,22.286,0.346183
"{0,2,3,5,6,8,9}",6.656,11.857,26.000,0.327834
"{0,4,6,7,8,9,11}",6.658,11.143,22.000,0.336262
"{0,3,5,7,9,10,11}",6.659,11.571,24.000,0.343159
"{0,4,5,7,8,10,11}",6.659,11.714,24.286,0.337472
"{0,3,4,8,9,10,11}",6.659,12.000,24.571,0.329138
"{0,1,2,4,7,9,10}",6.661,11.143,23.857,0.344085
"{0,3,6,7,8,9,11}",6.666,11.571,24.143,0.320011
"{0,3,5,7,8,10,11}",6.667,11.143,22.000,0.346183
"{0,3,5,6,9,10,11}",6.669,12.143,26.286,0.331803
"{0,3,4,7,9,10,11}",6.672,11.286,23.429,0.351757
"{0,2,4,8,9,10,11}",6.675,12.143,25.000,0.326890
"{0,3,5,6,8,10,11}",6.677,11.286,23.143,0.334165
"{0,1,3,5,6,7,9}",6.677,11.571,25.571,0.325718
"{0,1,3,4,6,7,10}",6.677,11.714,25.857,0.343707
"{0,4,5,6,8,9,11}",6.682,11.714,24.286,0.332710
"{0,4,5,7,8,9,10}",6.683,11.429,22.714,0.328723
"{0,2,3,8,9,10,11}",6.683,12.286,25.000,0.314324
"{0,1,3,4,5,7,10}",6.691,11.143,23.857,0.347260
"{0,1,3,8,9,10,11}",6.691,12.143,23.571,0.313114
"{0,4,5,6,7,9,11}",6.695,11.286,23.143,0.344879
"{0,1,2,4,5,7,11}",6.696,11.429,23.857,0.340117
"{0,3,5,6,7,9,11}",6.704,11.714,25.714,0.328496
"{0,1,4,7,8,10,11}",6.705,11.429,24.000,0.346995
"{0,3,4,7,8,9,10}",6.705,11.714,24.286,0.341043
"{0,1,3,7,9,10,11}",6.705,12.143,25.000,0.322128
"{0,1,2,4,5,6,9}",6.706,11.143,21.857,0.334014
"{0,4,5,6,7,9,10}",6.706,11.714,24.143,0.329403
"{0,1,4,6,9,10,11}",6.706,12.000,24.857,0.336943
"{0,1,2,4,5,7,10}",6.707,11.143,23.857,0.334562
"{0,1,3,7,8,10,11}",6.713,11.143,22.429,0.345786
"{0,1,4,5,6,8,9}",6.715,11.000,21.571,0.337717
"{0,1,2,4,5,6,8}",6.715,11.571,23.857,0.313530
"{0,1,5,7,8,9,10}",6.716,11.286,22.143,0.338246
"{0,1,2,4,5,7,9}",6.721,11.000,22.286,0.351342
"{0,2,4,7,8,9,10}",6.721,11.571,24.000,0.335620
"{0,2,4,5,8,10,11}",6.721,11.857,25.857,0.326909
"{0,1,4,5,9,10,11}",6.721,12.000,24.571,0.335488
"{0,3,5,6,7,8,10}",6.723,11.000,21.571,0.339701
"{0,1,4,7,8,9,10}",6.729,11.571,24.143,0.334694
"{0,2,3,7,8,9,10}",6.729,11.571,23.429,0.343689
"{0,1,3,5,9,10,11}",6.729,12.143,25.000,0.322128
"{0,1,3,5,8,10,11}",6.737,10.714,21.286,0.347241
"{0,1,3,6,7,10,11}",6.737,11.714,24.286,0.346995
"{0,3,5,6,7,8,9}",6.737,12.000,24.714,0.313530
"{0,1,5,6,7,9,10}",6.739,11.714,24.286,0.339456
"{0,2,3,6,8,9,10}",6.739,11.857,25.857,0.332067
"{0,1,4,6,7,9,11}",6.741,10.857,22.714,0.353212
"{0,1,3,4,9,10,11}",6.742,12.143,24.857,0.322260
"{0,3,4,6,7,8,9}",6.750,11.571,24.143,0.321995
"{0,1,3,4,8,10,11}",6.751,11.143,22.000,0.345786
"{0,1,3,5,7,10,11}",6.751,11.286,23.714,0.346334
"{0,2,3,5,6,10,11}",6.752,11.714,24.286,0.331122
"{0,3,4,5,6,9,10}",6.752,12.000,26.143,0.333787
"{0,5,6,8,9,10,11}",6.752,12.286,25.000,0.301625
"{0,4,7,8,9,10,11}",6.756,12.000,23.286,0.321580
"{0,1,2,4,9,10,11}",6.758,12.000,23.429,0.324225
"{0,1,3,4,7,10,11}",6.764,11.429,24.000,0.346995
"{0,3,7,8,9,10,11}",6.764,12.143,23.429,0.316818
"{0,4,6,8,9,10,11}",6.766,12.143,25.000,0.317366
"{0,1,2,4,5,8,9}",6.767,10.857,21.429,0.345654
"{0,2,3,4,7,9,11}",6.769,10.714,21.571,0.368405
"{0,1,3,5,6,9,11}",6.774,11.857,25.857,0.318972
"{0,2,4,5,6,7,11}",6.779,11.286,23.143,0.344879
"{0,2,3,4,7,9,10}",6.780,11.000,22.857,0.358371
"{0,2,4,5,7,8,9}",6.780,11.143,22.000,0.351342
"{0,4,5,8,9,10,11}",6.780,12.143,24.714,0.325964
"{0,1,3,5,6,8,11}",6.783,11.286,23.571,0.334165
"{0,2,3,5,6,7,11}",6.787,11.714,24.286,0.332710
"{0,3,4,5,6,7,9}",6.787,11.857,24.571,0.318292
"{0,5,6,7,8,9,11}",6.787,12.286,25.000,0.306387
"{0,5,6,7,8,9,10}",6.798,12.286,23.714,0.302400
"{0,1,2,4,7,8,11}",6.802,11.571,24.143,0.351757
"{0,1,2,4,6,9,11}",6.803,10.571,21.143,0.355178
"{0,2,4,5,6,7,9}",6.803,11.143,22.143,0.347638
"{0,1,3,5,6,7,10}",6.807,11.143,23.000,0.355197
"{0,1,3,4,6,7,11}",6.809,11.571,24.143,0.337472
"{0,1,6,7,9,10,11}",6.812,12.143,24.857,0.319085
"{0,4,6,7,8,9,10}",6.812,12.286,25.143,0.306652
"{0,1,2,4,7,8,10}",6.813,11.571,25.571,0.332067
"{0,1,5,8,9,10,11}",6.813,12.000,23.286,0.318405
"{0,2,3,4,5,7,11}",6.815,11.143,22.429,0.336262
"{0,1,2,4,5,9,11}",6.817,11.143,22.000,0.345786
"{0,1,4,8,9,10,11}",6.826,12.000,23.286,0.326342
"{0,1,5,7,9,10,11}",6.826,12.000,24.857,0.326890
"{0,1,3,5,6,7,8}",6.828,11.429,23.286,0.330990
"{0,1,5,7,8,10,11}",6.834,11.429,23.857,0.338530
"{0,1,5,6,9,10,11}",6.836,12.143,24.714,0.327551
"{0,2,6,7,8,9,10}",6.836,12.429,25.286,0.317763
"{0,2,3,4,5,7,9}",6.839,10.857,21.429,0.347638
"{0,1,3,4,6,7,8}",6.842,11.714,24.286,0.331519
"{0,1,5,6,8,10,11}",6.844,11.429,23.286,0.338530
"{0,1,6,7,8,9,10}",6.844,12.429,25.143,0.316308
"{0,4,5,6,7,8,11}",6.847,12.143,24.714,0.324376
"{0,1,2,4,6,7,9}",6.849,11.143,23.429,0.347260
"{0,2,5,6,7,10,11}",6.849,11.714,24.286,0.343821
"{0,3,5,6,7,8,11}",6.855,11.714,23.857,0.321599
"{0,1,4,6,8,10,11}",6.858,11.571,24.000,0.346334
"{0,1,5,6,8,9,11}",6.858,11.857,24.429,0.331122
"{0,3,4,5,7,10,11}",6.861,11.714,24.286,0.353345
"{0,1,4,6,8,9,11}",6.871,11.000,21.857,0.352532
"{0,1,4,6,7,10,11}",6.871,12.000,26.143,0.347676
"{0,1,4,5,8,10,11}",6.872,11.429,23.571,0.346995
"{0,1,2,4,5,7,8}",6.872,11.714,24.286,0.331519
"{0,3,4,5,8,9,10}",6.872,11.857,24.429,0.341043
"{0,1,2,6,9,10,11}",6.874,12.000,23.286,0.324754
"{0,2,5,6,7,8,10}",6.882,11.714,24.143,0.321334
"{0,3,4,5,6,9,11}",6.884,12.143,26.286,0.328628
"{0,5,7,8,9,10,11}",6.885,12.286,23.714,0.305178
"{0,1,2,5,9,10,11}",6.888,12.000,23.286,0.324754
"{0,1,5,6,7,8,10}",6.890,11.571,23.429,0.340514
"{0,3,4,5,6,8,11}",6.893,11.857,24.429,0.321599
"{0,2,5,6,7,8,9}",6.895,12.286,25.143,0.329403
"{0,1,2,5,8,10,11}",6.896,11.857,24.571,0.324244
"{0,2,3,4,8,9,11}",6.898,11.714,24.286,0.342234
"{0,1,3,6,7,8,11}",6.901,11.714,24.286,0.340646
"{0,3,4,5,6,8,10}",6.904,11.571,24.000,0.326096
"{0,1,3,5,6,10,11}",6.904,11.714,23.571,0.338530
"{0,1,4,6,7,8,10}",6.904,11.857,25.857,0.336829
"{0,1,5,6,7,8,9}",6.904,12.286,24.857,0.323186
"{0,1,2,6,7,9,11}",6.909,11.286,23.143,0.349641
"{0,1,2,5,8,9,11}",6.909,11.571,24.143,0.337472
"{0,2,4,6,7,8,9}",6.909,11.714,24.143,0.337207
"{0,1,2,5,7,10,11}",6.909,12.000,24.857,0.336943
"{0,1,2,4,8,10,11}",6.909,12.143,25.000,0.322128
"{0,5,6,7,9,10,11}",6.909,12.143,24.857,0.322260
"{0,1,4,6,7,8,9}",6.917,11.571,23.714,0.333107
"{0,3,4,5,6,8,9}",6.917,11.857,24.429,0.314059
"{0,2,3,6,7,8,9}",6.917,12.286,26.429,0.333787
"{0,1,2,6,7,9,10}",6.920,11.857,24.429,0.342630
"{0,1,2,4,8,9,11}",6.923,11.143,22.429,0.348961
"{0,1,2,5,7,9,11}",6.923,11.429,23.857,0.349509
"{0,1,2,5,7,8,11}",6.931,12.000,26.143,0.339739
"{0,1,2,5,6,9,11}",6.933,11.429,23.571,0.342234
"{0,1,2,4,6,10,11}",6.933,12.143,25.000,0.326890
"{0,1,2,5,7,9,10}",6.934,11.000,21.857,0.356104
"{0,2,3,4,5,9,11}",6.936,11.571,24.000,0.338530
"{0,2,3,5,6,7,10}",6.941,11.143,22.000,0.348167
"{0,1,2,5,6,8,11}",6.941,11.857,26.000,0.331803
"{0,1,6,8,9,10,11}",6.941,12.286,23.714,0.309940
"{0,1,2,5,7,8,10}",6.942,11.143,23.000,0.345673
"{0,2,3,4,5,8,11}",6.944,11.714,24.286,0.320011
"{0,4,5,6,9,10,11}",6.946,12.429,26.143,0.334580
"{0,2,3,4,5,9,10}",6.947,11.571,23.429,0.340514
"{0,1,2,4,5,10,11}",6.947,12.286,25.000,0.319085
"{0,1,2,4,6,8,11}",6.955,11.286,23.714,0.343159
"{0,1,2,3,6,9,11}",6.955,11.857,24.571,0.321070
"{0,1,3,4,5,9,10}",6.955,11.857,24.429,0.339456
"{0,1,4,5,6,7,9}",6.955,11.857,24.429,0.329932
"{0,2,3,4,6,8,9}",6.955,11.857,25.857,0.325718
"{0,4,5,6,8,10,11}",6.955,12.143,25.714,0.323337
"{0,2,3,5,6,7,8}",6.963,11.857,24.286,0.315117
"{0,1,3,4,5,8,10}",6.964,11.000,21.857,0.354516
"{0,1,2,3,6,9,10}",6.965,11.714,24.286,0.334694
"{0,1,2,4,6,7,11}",6.968,11.429,23.286,0.348054
"{0,2,3,4,5,7,10}",6.969,11.286,22.286,0.339701
"{0,1,2,4,5,8,11}",6.969,11.571,24.143,0.335884
"{0,1,2,4,7,8,9}",6.969,11.714,24.286,0.348980
"{0,1,2,3,5,9,11}",6.969,12.143,25.000,0.311017
"{0,3,5,6,7,10,11}",6.976,11.857,24.000,0.345408
"{0,1,2,3,5,8,11}",6.977,11.857,24.571,0.314720
"{0,1,2,4,6,7,10}",6.979,11.857,25.857,0.328893
"{0,1,2,3,5,9,10}",6.980,11.286,22.571,0.338246
"{0,3,4,5,9,10,11}",6.982,12.429,26.143,0.337755
"{0,1,2,3,5,8,10}",6.988,11.143,22.143,0.341289
"{0,2,3,4,5,7,8}",6.990,11.571,22.429,0.319199
"{0,3,4,5,8,10,11}",6.990,11.857,24.000,0.340646
"{0,1,2,3,5,7,11}",6.990,12.143,25.000,0.317366
"{0,2,3,4,5,6,9}",6.992,12.000,24.714,0.318292
"{0,1,2,3,5,7,10}",7.001,10.857,21.429,0.346051
"{0,1,2,3,5,8,9}",7.001,11.857,24.429,0.333107
"{0,1,3,4,5,6,9}",7.001,11.857,24.429,0.314059
"{0,1,2,3,6,7,9}",7.001,12.000,26.143,0.333787
"{0,4,5,6,7,8,10}",7.001,12.429,25.286,0.308239
"{0,1,2,7,9,10,11}",7.006,12.143,23.571,0.324225
"{0,1,3,4,5,6,8}",7.009,11.429,22.714,0.319199
"{0,1,5,6,7,9,11}",7.014,12.000,25.571,0.329686
"{0,4,5,6,7,8,9}",7.014,12.286,23.571,0.307691
"{0,6,7,8,9,10,11}",7.014,12.714,24.143,0.287320
"{0,1,2,3,5,7,9}",7.015,11.429,23.857,0.337207
"{0,1,2,7,8,10,11}",7.015,12.286,25.000,0.322260
"{0,2,3,4,9,10,11}",7.020,12.000,24.286,0.334958
"{0,1,2,3,5,7,8}",7.023,11.571,23.429,0.330990
"{0,1,2,3,5,6,9}",7.025,11.714,24.286,0.321995
"{0,1,2,6,8,10,11}",7.025,12.143,25.000,0.322128
"{0,2,4,5,6,10,11}",7.030,12.143,25.714,0.329686
"{0,1,2,3,5,6,8}",7.033,11.857,24.286,0.315117
"{0,1,4,6,7,8,11}",7.036,11.714,23.857,0.353345
"{0,1,2,6,8,9,11}",7.038,11.571,24.000,0.336943
"{0,1,2,3,4,6,9}",7.038,11.857,24.571,0.313530
"{0,1,2,6,7,10,11}",7.038,12.143,24.714,0.335488
"{0,3,4,5,6,7,11}",7.049,12.143,24.714,0.324376
"{0,1,4,5,6,9,11}",7.051,11.857,24.000,0.343821
"{0,2,3,4,8,9,10}",7.052,12.143,25.714,0.330083
"{0,1,4,5,6,8,11}",7.060,11.857,24.429,0.345408
"{0,3,4,5,6,7,10}",7.060,12.286,25.143,0.330990
"{0,5,6,7,8,10,11}",7.060,12.286,24.571,0.311149
"{0,1,2,5,6,10,11}",7.062,12.286,24.857,0.327551
"{0,1,2,3,7,10,11}",7.074,12.143,23.429,0.326342
"{0,1,7,8,9,10,11}",7.074,12.714,24.143,0.300019
"{0,2,4,5,6,7,10}",7.076,11.857,24.286,0.326096
"{0,1,3,5,6,7,11}",7.082,12.143,25.714,0.323337
"{0,3,4,5,6,7,8}",7.082,12.286,23.571,0.301342
"{0,1,2,3,6,10,11}",7.084,12.143,23.429,0.318405
"{0,1,4,5,6,7,10}",7.084,12.286,26.429,0.333787
"{0,2,3,4,7,8,9}",7.087,11.857,24.000,0.345805
"{0,1,2,3,7,9,11}",7.087,12.143,25.000,0.326890
"{0,1,2,3,7,8,11}",7.096,12.143,24.714,0.329138
"{0,2,4,5,6,7,8}",7.097,12.429,25.286,0.305064
"{0,1,2,3,7,9,10}",7.098,11.714,24.143,0.342101
"{0,1,2,5,7,8,9}",7.098,11.857,24.000,0.348980
"{0,2,3,4,5,8,10}",7.098,11.857,24.286,0.321334
"{0,1,2,3,5,10,11}",7.098,12.286,23.714,0.309940
"{0,1,2,3,6,8,11}",7.106,12.143,25.000,0.322657
"{0,1,4,5,6,7,8}",7.106,12.286,24.857,0.321599
"{0,1,6,7,8,10,11}",7.106,12.286,25.000,0.328609
"{0,1,2,3,7,8,10}",7.107,11.571,23.429,0.343689
"{0,2,3,4,5,6,11}",7.111,12.286,25.000,0.306387
"{0,4,5,6,7,10,11}",7.111,12.429,26.143,0.336168
"{0,2,3,4,5,8,9}",7.112,11.857,24.000,0.329932
"{0,1,2,3,6,8,10}",7.117,11.714,24.143,0.335620
"{0,1,6,7,8,9,11}",7.119,12.143,24.429,0.320673
"{0,1,2,3,6,7,11}",7.119,12.286,24.857,0.325964
"{0,1,2,5,6,7,9}",7.122,11.857,24.429,0.345805
"{0,1,2,3,6,7,10}",7.130,11.714,23.857,0.341043
"{0,1,3,4,5,6,10}",7.130,11.857,24.286,0.329403
"{0,1,2,3,6,8,9}",7.130,12.286,26.429,0.329025
"{0,1,2,8,9,10,11}",7.136,12.714,24.143,0.301606
"{0,1,2,4,6,7,8}",7.143,12.143,25.714,0.325321
"{0,1,2,3,5,6,11}",7.143,12.429,25.143,0.301625
"{0,1,5,6,7,10,11}",7.143,12.429,26.143,0.337755
"{0,2,3,4,5,6,8}",7.143,12.429,25.286,0.289191
"{0,1,2,3,4,7,11}",7.147,12.000,23.286,0.321580
"{0,1,2,3,5,6,10}",7.154,11.571,22.429,0.328723
"{0,1,2,3,4,6,11}",7.157,12.143,23.571,0.305178
"{0,3,4,5,6,10,11}",7.157,12.571,26.286,0.331406
"{0,1,2,3,4,7,10}",7.158,12.000,24.714,0.324641
"{0,1,3,4,5,6,7}",7.165,12.429,25.143,0.302022
"{0,1,5,6,7,8,11}",7.165,12.429,26.143,0.331406
"{0,1,2,3,4,6,10}",7.168,12.286,25.143,0.306652
"{0,1,2,3,4,7,9}",7.171,12.143,25.000,0.329403
"{0,1,2,7,8,9,11}",7.171,12.286,25.000,0.334958
"{0,1,2,3,4,7,8}",7.179,12.286,24.857,0.321599
"{0,1,4,5,6,10,11}",7.181,12.571,26.286,0.337755
"{0,1,2,7,8,9,10}",7.182,12.286,24.571,0.327419
"{0,1,2,3,4,6,8}",7.189,12.286,25.143,0.305064
"{0,1,2,3,9,10,11}",7.195,12.714,24.143,0.301606
"{0,1,2,3,4,6,7}",7.203,12.429,25.143,0.302022
"{0,1,2,6,7,8,11}",7.203,12.429,26.143,0.337755
"{0,1,2,3,8,10,11}",7.204,12.286,23.714,0.313114
"{0,2,3,4,5,10,11}",7.208,12.429,25.143,0.320673
"{0,1,2,6,7,8,10}",7.214,12.286,25.857,0.330083
"{0,1,4,5,6,7,11}",7.216,12.429,26.143,0.336168
"{0,1,3,4,5,10,11}",7.217,12.143,24.429,0.328609
"{0,1,2,3,4,5,7}",7.217,12.286,23.714,0.297638
"{0,1,2,3,8,9,11}",7.217,12.429,25.143,0.314324
"{0,1,2,6,7,8,9}",7.227,12.571,26.286,0.334977
"{0,1,2,3,8,9,10}",7.228,12.429,25.143,0.327419
"{0,1,2,5,6,7,11}",7.240,12.429,26.143,0.334580
"{0,1,2,5,6,7,10}",7.251,12.000,24.143,0.341043
"{0,1,3,4,5,6,11}",7.262,12.429,25.143,0.311149
"{0,1,2,3,7,8,9}",7.263,12.571,26.286,0.334977
"{0,2,3,4,5,6,10}",7.265,12.429,25.286,0.308239
"{0,1,2,3,4,9,11}",7.268,12.143,23.571,0.314701
"{0,1,2,5,6,7,8}",7.273,12.571,26.286,0.325454
"{0,1,2,3,4,8,11}",7.276,12.143,23.429,0.316818
"{0,1,2,4,5,6,11}",7.278,12.143,24.429,0.322260
"{0,1,2,3,4,9,10}",7.279,12.429,25.143,0.316308
"{0,1,2,3,4,8,10}",7.287,12.286,25.143,0.317763
"{0,1,2,3,6,7,8}",7.295,12.571,26.286,0.325454
"{0,1,2,3,4,8,9}",7.300,12.286,24.857,0.323186
"{0,2,3,4,5,6,7}",7.300,12.429,23.857,0.297638
"{0,1,2,4,5,6,7}",7.324,12.429,25.143,0.309958
"{0,1,2,3,5,6,7}",7.332,12.286,24.571,0.309958
"{0,1,2,3,4,5,9}",7.338,12.286,23.571,0.307691
"{0,1,2,3,4,5,8}",7.346,12.286,23.571,0.301342
"{0,1,2,3,4,10,11}",7.397,12.714,24.143,0.300019
"{0,1,2,3,4,5,11}",7.457,12.714,24.143,0.287320
"{0,1,2,3,4,5,10}",7.468,12.429,23.857,0.302400
"{0,1,2,3,4,5,6}",7.513,12.857,24.286,0.271844
"{0,3,4,6,7,8,10,11}",6.300,11.500,23.250,0.340505
"{0,2,4,6,7,8,10,11}",6.314,11.750,24.875,0.332185
"{0,1,4,5,7,8,9,11}",6.345,11.500,23.250,0.345266
"{0,2,3,4,7,8,10,11}",6.345,11.500,23.250,0.341695
"{0,1,3,5,7,8,9,11}",6.353,11.750,24.875,0.328614
"{0,2,3,4,6,8,10,11}",6.354,11.625,24.750,0.328614
"{0,2,4,5,6,8,9,10}",6.356,11.875,25.000,0.324150
"{0,2,3,4,6,7,8,11}",6.385,11.500,23.250,0.336933
"{0,1,2,5,6,8,9,10}",6.385,11.625,23.375,0.338421
"{0,1,3,4,5,7,9,11}",6.397,11.625,24.750,0.332185
"{0,1,2,4,6,8,9,10}",6.397,11.750,24.875,0.331293
"{0,1,3,4,5,7,8,9}",6.426,11.625,23.375,0.334850
"{0,2,4,5,7,8,9,11}",6.432,11.250,23.625,0.355882
"{0,1,3,5,6,8,9,10}",6.466,11.375,23.750,0.346655
"{0,1,3,4,5,8,9,11}",6.511,11.625,23.375,0.335743
"{0,2,3,6,7,8,10,11}",6.519,11.625,23.500,0.335743
"{0,2,3,4,6,7,8,10}",6.519,11.875,25.000,0.325340
"{0,3,4,5,7,8,9,11}",6.522,11.500,23.375,0.336933
"{0,2,3,5,8,9,10,11}",6.534,12.250,26.000,0.328713
"{0,2,4,5,7,9,10,11}",6.538,11.250,23.000,0.357866
"{0,2,3,5,7,9,10,11}",6.546,11.500,23.625,0.350723
"{0,2,3,5,7,8,10,11}",6.553,11.500,23.875,0.340405
"{0,1,2,4,5,6,9,10}",6.555,11.750,23.500,0.336040
"{0,1,4,5,6,8,9,10}",6.562,11.625,23.500,0.336040
"{0,1,2,4,5,6,8,10}",6.562,11.875,25.000,0.324150
"{0,1,3,4,7,8,9,11}",6.563,11.375,23.250,0.341695
"{0,2,3,4,6,7,10,11}",6.564,11.375,23.250,0.345266
"{0,2,3,5,7,8,9,11}",6.565,11.750,25.375,0.339725
"{0,1,3,4,6,9,10,11}",6.574,12.125,25.875,0.334666
"{0,2,3,5,6,8,9,11}",6.574,12.250,27.250,0.328727
"{0,2,3,5,6,7,9,10}",6.595,11.375,23.750,0.351417
"{0,2,3,4,6,7,9,11}",6.597,11.125,23.500,0.355882
"{0,1,3,4,6,8,9,10}",6.602,11.750,25.375,0.340023
"{0,1,3,4,5,7,8,11}",6.603,11.375,23.250,0.340505
"{0,1,2,4,5,8,9,10}",6.607,11.500,23.375,0.338421
"{0,1,3,4,6,7,9,10}",6.614,12.250,27.250,0.338549
"{0,2,5,7,8,9,10,11}",6.619,12.125,24.625,0.328997
"{0,3,4,6,8,9,10,11}",6.625,12.125,25.750,0.329904
"{0,2,5,6,8,9,10,11}",6.628,12.250,25.875,0.322761
"{0,3,4,6,7,9,10,11}",6.637,11.875,25.500,0.343396
"{0,2,4,6,7,9,10,11}",6.651,11.250,23.375,0.354294
"{0,1,3,6,8,9,10,11}",6.654,12.125,24.625,0.327806
"{0,2,3,6,7,9,10,11}",6.658,11.625,23.875,0.347647
"{0,2,5,6,7,8,9,11}",6.658,12.250,26.000,0.333475
"{0,1,3,6,7,9,10,11}",6.666,12.250,25.875,0.331094
"{0,2,4,6,7,8,9,11}",6.670,11.500,23.625,0.351913
"{0,1,4,5,7,9,10,11}",6.671,12.000,25.625,0.340618
"{0,2,4,5,7,8,10,11}",6.671,12.000,25.625,0.337344
"{0,2,3,5,6,9,10,11}",6.680,12.125,25.750,0.338634
"{0,2,3,5,6,8,10,11}",6.687,11.875,25.500,0.327820
"{0,2,4,5,6,8,9,11}",6.691,11.750,25.375,0.343296
"{0,1,3,6,7,8,9,10}",6.694,12.375,26.125,0.336154
"{0,2,3,5,7,8,9,10}",6.699,11.500,23.250,0.347449
"{0,2,4,5,6,7,9,11}",6.703,11.250,23.000,0.359056
"{0,1,2,4,7,9,10,11}",6.704,11.875,24.375,0.342092
"{0,1,3,4,6,8,10,11}",6.706,11.500,23.625,0.348342
"{0,1,3,5,7,8,9,10}",6.707,11.625,23.750,0.348639
"{0,2,3,5,6,8,9,10}",6.708,12.000,25.625,0.335261
"{0,2,3,5,6,7,9,11}",6.710,11.875,25.500,0.343296
"{0,1,3,4,6,8,9,11}",6.718,11.375,23.750,0.340405
"{0,1,3,5,6,7,9,10}",6.727,11.875,25.500,0.343594
"{0,1,3,4,6,7,9,11}",6.729,11.625,25.250,0.337344
"{0,2,3,4,6,7,9,10}",6.731,11.750,25.375,0.344785
"{0,3,5,6,8,9,10,11}",6.739,12.500,26.250,0.321570
"{0,1,2,4,5,7,10,11}",6.744,12.125,25.875,0.338237
"{0,1,2,4,5,7,9,11}",6.756,11.375,23.500,0.354294
"{0,2,4,7,8,9,10,11}",6.756,12.250,24.750,0.337330
"{0,1,3,4,5,7,8,10}",6.759,11.375,23.750,0.351417
"{0,2,3,7,8,9,10,11}",6.763,12.375,24.750,0.330286
"{0,2,5,6,7,9,10,11}",6.764,11.875,24.250,0.344870
"{0,2,4,6,8,9,10,11}",6.764,12.250,26.000,0.330598
"{0,1,2,4,5,7,9,10}",6.765,11.375,23.750,0.346655
"{0,1,2,4,5,6,8,9}",6.772,11.625,23.500,0.334850
"{0,2,3,6,8,9,10,11}",6.772,12.375,26.000,0.325142
"{0,2,4,5,8,9,10,11}",6.777,12.375,26.000,0.334666
"{0,3,5,6,7,8,9,10}",6.779,12.250,24.750,0.325723
"{0,3,4,6,7,8,9,11}",6.781,11.625,23.875,0.334552
"{0,1,4,6,7,9,10,11}",6.783,12.250,26.000,0.338237
"{0,1,3,5,8,9,10,11}",6.791,12.250,24.750,0.330187
"{0,3,4,6,7,8,9,10}",6.791,12.375,26.000,0.325439
"{0,2,3,6,7,8,9,11}",6.802,12.250,25.875,0.336253
"{0,1,4,5,7,8,10,11}",6.803,12.000,25.625,0.345777
"{0,1,3,4,8,9,10,11}",6.803,12.250,24.625,0.332667
"{0,1,3,5,7,9,10,11}",6.803,12.250,26.000,0.332979
"{0,1,3,5,7,8,10,11}",6.810,11.375,23.500,0.348342
"{0,1,3,5,6,9,10,11}",6.812,12.375,26.000,0.331094
"{0,1,3,4,7,9,10,11}",6.815,12.250,25.875,0.337046
"{0,2,3,4,6,9,10,11}",6.816,12.000,25.625,0.340618
"{0,2,4,5,7,8,9,10}",6.817,11.750,23.875,0.337925
"{0,1,3,5,6,8,10,11}",6.819,11.500,23.250,0.345961
"{0,1,3,4,7,8,10,11}",6.822,11.625,23.875,0.351219
"{0,1,4,5,7,8,9,10}",6.824,11.750,24.000,0.339612
"{0,3,4,5,6,7,9,10}",6.824,12.375,26.125,0.332582
"{0,1,3,5,6,8,9,11}",6.831,12.125,25.750,0.327820
"{0,2,3,4,6,8,9,11}",6.835,11.875,25.500,0.339725
"{0,2,4,5,6,7,8,11}",6.835,12.250,25.875,0.331094
"{0,1,2,4,7,8,10,11}",6.836,12.250,25.875,0.337046
"{0,2,4,5,6,7,9,10}",6.837,11.750,23.875,0.341497
"{0,1,2,4,6,9,10,11}",6.837,12.125,24.625,0.338520
"{0,1,3,4,6,7,10,11}",6.843,12.125,25.750,0.345777
"{0,1,3,4,7,8,9,10}",6.843,12.250,25.875,0.342503
"{0,2,3,5,6,7,8,11}",6.843,12.250,25.875,0.325539
"{0,3,6,7,8,9,10,11}",6.843,12.500,24.875,0.317191
"{0,4,5,7,8,9,10,11}",6.848,12.375,24.750,0.326715
"{0,1,2,4,5,9,10,11}",6.850,12.250,24.625,0.335048
"{0,3,5,7,8,9,10,11}",6.855,12.375,24.875,0.326616
"{0,2,6,7,8,9,10,11}",6.856,12.625,25.125,0.317985
"{0,2,3,4,5,7,9,11}",6.859,11.375,23.500,0.351913
"{0,1,3,5,6,7,8,10}",6.860,11.500,23.250,0.351020
"{0,2,3,4,5,7,8,11}",6.867,11.750,24.000,0.334552
"{0,3,4,7,8,9,10,11}",6.867,12.250,24.500,0.335445
"{0,1,2,4,6,7,9,11}",6.868,11.250,23.000,0.357866
"{0,2,3,4,5,7,9,10}",6.869,11.500,23.250,0.351020
"{0,1,3,4,6,7,8,10}",6.871,12.000,25.625,0.344785
"{0,1,3,5,6,7,8,9}",6.871,12.375,26.000,0.325439
"{0,3,5,6,7,9,10,11}",6.875,12.375,26.000,0.333475
"{0,1,3,4,5,7,9,10}",6.876,12.000,25.625,0.343594
"{0,1,2,4,6,7,9,10}",6.878,12.000,25.625,0.340023
"{0,1,3,4,6,7,8,9}",6.883,12.125,25.750,0.329408
"{0,1,5,6,8,9,10,11}",6.885,12.375,24.750,0.324334
"{0,4,5,6,7,8,9,11}",6.887,12.375,24.750,0.324334
"{0,1,2,4,5,7,8,11}",6.888,12.125,25.750,0.343396
"{0,1,4,7,8,9,10,11}",6.888,12.375,24.750,0.330286
"{0,3,5,6,7,8,9,11}",6.894,12.500,26.125,0.315618
"{0,1,3,7,8,9,10,11}",6.895,12.625,25.125,0.322747
"{0,1,2,4,5,7,8,10}",6.897,11.875,25.500,0.335261
"{0,1,4,6,8,9,10,11}",6.897,12.250,24.750,0.333759
"{0,2,5,6,7,8,10,11}",6.897,12.375,26.000,0.323951
"{0,3,4,5,7,9,10,11}",6.900,12.125,25.375,0.345380
"{0,3,4,5,7,8,10,11}",6.907,12.000,24.250,0.344076
"{0,1,4,5,8,9,10,11}",6.909,12.250,24.500,0.336635
"{0,2,5,6,7,8,9,10}",6.918,12.500,25.000,0.324532
"{0,2,4,5,6,9,10,11}",6.922,12.250,25.500,0.344189
"{0,1,3,6,7,8,10,11}",6.923,12.000,24.375,0.344870
"{0,1,5,6,7,8,9,10}",6.925,12.500,24.875,0.325822
"{0,3,4,5,6,8,9,11}",6.927,12.375,26.000,0.325539
"{0,3,4,5,7,8,9,10}",6.928,12.125,24.500,0.338024
"{0,1,2,6,7,9,10,11}",6.930,12.250,24.625,0.335048
"{0,1,2,5,8,9,10,11}",6.930,12.375,24.750,0.325524
"{0,2,4,5,6,8,10,11}",6.930,12.375,27.125,0.323172
"{0,2,4,6,7,8,9,10}",6.930,12.500,26.250,0.323753
"{0,2,3,4,7,9,10,11}",6.932,11.750,23.750,0.353203
"{0,1,3,6,7,8,9,11}",6.935,12.250,25.875,0.326332
"{0,3,4,5,6,8,9,10}",6.937,12.375,26.000,0.325439
"{0,1,4,6,7,8,9,10}",6.937,12.500,26.125,0.326630
"{0,2,3,6,7,8,9,10}",6.937,12.500,26.125,0.333773
"{0,3,4,5,6,7,9,11}",6.939,12.250,25.875,0.331094
"{0,1,2,5,7,9,10,11}",6.942,12.125,24.625,0.338520
"{0,1,2,4,8,9,10,11}",6.942,12.500,25.000,0.327509
"{0,2,3,5,6,7,10,11}",6.949,12.000,24.250,0.342885
"{0,1,2,5,7,8,10,11}",6.949,12.375,26.125,0.334666
"{0,2,3,4,7,8,9,11}",6.951,11.875,24.125,0.351219
"{0,1,2,5,6,9,10,11}",6.951,12.250,24.500,0.335445
"{0,1,2,5,6,8,10,11}",6.958,12.250,25.875,0.331094
"{0,4,6,7,8,9,10,11}",6.960,12.625,25.125,0.316794
"{0,1,3,5,6,7,9,11}",6.968,12.375,27.125,0.323172
"{0,1,2,5,6,8,9,11}",6.970,12.125,25.750,0.338634
"{0,1,2,4,6,8,10,11}",6.970,12.250,26.000,0.332979
"{0,1,2,3,6,9,10,11}",6.970,12.375,24.750,0.325524
"{0,1,4,5,6,7,9,10}",6.970,12.375,26.000,0.334170
"{0,2,3,4,6,8,9,10}",6.970,12.375,27.125,0.327041
"{0,1,2,4,7,8,9,11}",6.973,11.875,24.250,0.353203
"{0,2,3,4,5,7,10,11}",6.973,12.000,24.375,0.342489
"{0,2,3,4,5,8,9,11}",6.973,12.250,25.875,0.336253
"{0,2,3,5,6,7,8,10}",6.977,11.750,23.875,0.333163
"{0,1,3,4,5,7,10,11}",6.980,12.125,25.750,0.341808
"{0,1,2,4,6,8,9,11}",6.981,11.375,23.500,0.350723
"{0,1,2,4,6,7,10,11}",6.981,12.250,25.875,0.340618
"{0,4,5,6,8,9,10,11}",6.981,12.750,26.375,0.320082
"{0,1,2,4,7,8,9,10}",6.982,12.250,25.875,0.334963
"{0,1,2,4,5,8,10,11}",6.982,12.375,26.000,0.331094
"{0,1,2,3,5,9,10,11}",6.982,12.500,25.000,0.321556
"{0,1,3,4,6,7,8,11}",6.987,11.875,24.125,0.344076
"{0,2,3,5,6,7,8,9}",6.989,12.625,26.375,0.326630
"{0,1,3,4,5,8,9,10}",6.990,12.000,24.250,0.345564
"{0,1,2,3,5,8,10,11}",6.990,12.125,24.625,0.327806
"{0,2,3,4,5,6,9,11}",6.993,12.375,26.125,0.333475
"{0,4,5,6,7,9,10,11}",6.993,12.500,25.875,0.333177
"{0,1,2,4,5,8,9,11}",6.994,11.750,24.000,0.347647
"{0,1,2,3,6,7,9,11}",7.000,12.250,25.875,0.334666
"{0,2,3,4,5,6,8,11}",7.000,12.375,26.000,0.315618
"{0,2,3,4,5,7,8,10}",7.001,11.875,24.000,0.333163
"{0,1,2,3,5,7,10,11}",7.001,12.250,24.750,0.333759
"{0,1,2,3,5,8,9,11}",7.001,12.375,26.000,0.325142
"{0,1,5,7,8,9,10,11}",7.001,12.625,25.125,0.320366
"{0,2,3,4,5,6,9,10}",7.003,12.375,26.000,0.331392
"{0,3,5,6,7,8,10,11}",7.008,12.125,24.125,0.331774
"{0,1,2,3,6,7,9,10}",7.010,12.250,25.875,0.342503
"{0,1,3,4,5,6,9,10}",7.010,12.375,26.000,0.334170
"{0,1,2,3,5,8,9,10}",7.011,12.000,24.375,0.341596
"{0,1,2,3,5,7,9,11}",7.013,12.250,26.000,0.330598
"{0,3,4,5,8,9,10,11}",7.013,12.750,26.375,0.332384
"{0,1,3,4,5,6,8,10}",7.017,11.625,23.750,0.341497
"{0,1,2,3,5,7,8,11}",7.020,12.250,25.875,0.329904
"{0,1,2,3,5,7,9,10}",7.022,11.500,23.625,0.348639
"{0,1,2,3,5,6,9,11}",7.022,12.375,26.000,0.322761
"{0,1,5,6,7,9,10,11}",7.022,12.625,26.250,0.327225
"{0,4,5,6,7,8,9,10}",7.022,12.750,25.250,0.308759
"{0,1,3,4,5,6,8,9}",7.029,12.000,24.250,0.326516
"{0,1,2,3,5,6,8,11}",7.029,12.375,26.125,0.321570
"{0,1,2,3,5,7,8,10}",7.030,11.500,23.250,0.347449
"{0,1,2,3,5,6,9,10}",7.031,11.875,24.125,0.339612
"{0,1,2,3,4,6,9,11}",7.033,12.000,24.500,0.328997
"{0,2,3,4,5,6,7,9}",7.033,12.250,24.750,0.326913
"{0,3,4,5,6,9,10,11}",7.033,13.000,28.000,0.332894
"{0,1,2,4,5,7,8,9}",7.034,12.000,24.250,0.344374
"{0,1,2,3,5,6,8,10}",7.039,11.750,23.875,0.337925
"{0,1,4,6,7,8,10,11}",7.041,12.375,26.000,0.341808
"{0,3,4,5,6,8,10,11}",7.041,12.375,25.625,0.331094
"{0,1,3,4,5,6,7,9}",7.041,12.500,26.125,0.317106
"{0,1,2,3,4,6,9,10}",7.043,12.375,26.000,0.326630
"{0,1,2,6,8,9,10,11}",7.043,12.625,25.125,0.321556
"{0,2,3,4,8,9,10,11}",7.046,12.750,26.375,0.329606
"{0,1,2,3,5,6,8,9}",7.050,12.375,26.000,0.329408
"{0,1,4,6,7,8,9,11}",7.052,11.875,23.875,0.342489
"{0,1,4,5,6,9,10,11}",7.055,12.750,26.375,0.337146
"{0,1,4,5,6,8,10,11}",7.062,12.250,25.500,0.341808
"{0,2,4,5,6,7,10,11}",7.066,12.250,25.500,0.339427
"{0,3,4,5,6,7,8,11}",7.071,12.375,24.625,0.322350
"{0,1,4,5,6,8,9,11}",7.074,12.125,24.375,0.342885
"{0,1,2,3,4,6,7,9}",7.074,12.375,26.125,0.326630
"{0,5,6,7,8,9,10,11}",7.074,13.000,25.500,0.301020
"{0,2,3,4,5,9,10,11}",7.079,12.625,26.000,0.336749
"{0,1,3,5,6,7,10,11}",7.081,12.375,25.625,0.341808
"{0,3,4,5,6,7,8,10}",7.081,12.500,25.000,0.323342
"{0,1,4,5,6,7,9,11}",7.085,12.250,25.500,0.339427
"{0,1,2,5,7,8,9,11}",7.086,12.375,26.000,0.340618
"{0,2,3,4,7,8,9,10}",7.086,12.375,25.625,0.339725
"{0,2,3,4,5,8,10,11}",7.086,12.500,26.125,0.326332
"{0,1,2,3,7,9,10,11}",7.086,12.625,25.125,0.327509
"{0,1,3,4,5,9,10,11}",7.086,12.750,26.375,0.329606
"{0,1,3,4,5,8,10,11}",7.093,11.875,23.875,0.344870
"{0,1,2,3,7,8,10,11}",7.093,12.375,24.750,0.332667
"{0,3,4,5,6,7,8,9}",7.093,12.625,25.000,0.310346
"{0,2,4,5,6,7,8,10}",7.095,12.625,26.375,0.313039
"{0,1,2,5,7,8,9,10}",7.096,12.000,24.000,0.341596
"{0,1,3,5,6,7,8,11}",7.100,12.250,25.500,0.331094
"{0,1,2,3,6,8,10,11}",7.102,12.250,24.750,0.330187
"{0,1,4,5,6,7,8,10}",7.102,12.500,26.125,0.331392
"{0,1,2,5,6,7,9,11}",7.106,12.125,25.375,0.344189
"{0,2,4,5,6,7,8,9}",7.106,12.500,25.000,0.325723
"{0,2,3,4,5,8,9,10}",7.107,12.375,25.625,0.333773
"{0,1,2,3,6,7,10,11}",7.114,12.375,24.625,0.336635
"{0,1,2,3,6,8,9,11}",7.114,12.500,26.250,0.328713
"{0,1,4,5,6,7,8,9}",7.114,12.500,24.750,0.325028
"{0,1,6,7,8,9,10,11}",7.114,13.000,25.500,0.310544
"{0,1,2,5,6,7,9,10}",7.116,12.125,24.375,0.345564
"{0,1,2,3,6,8,9,10}",7.123,12.500,26.125,0.334963
"{0,1,2,4,6,7,8,11}",7.125,12.250,25.500,0.345380
"{0,1,3,4,5,6,9,11}",7.125,12.500,26.125,0.323951
"{0,2,3,4,6,7,8,9}",7.125,12.500,26.125,0.329011
"{0,4,5,6,7,8,10,11}",7.125,12.875,26.500,0.321273
"{0,1,3,4,5,6,8,11}",7.133,12.125,24.500,0.331774
"{0,1,2,3,5,6,10,11}",7.135,12.500,24.875,0.324334
"{0,1,2,4,6,7,8,10}",7.135,12.500,27.250,0.327041
"{0,2,3,4,5,6,8,10}",7.135,12.500,26.250,0.313039
"{0,2,3,4,5,6,7,11}",7.137,12.375,24.750,0.324334
"{0,2,3,4,5,7,8,9}",7.138,12.125,24.125,0.335643
"{0,1,2,3,4,7,10,11}",7.138,12.375,24.750,0.330286
"{0,1,2,4,5,6,9,11}",7.139,11.875,23.875,0.344870
"{0,1,2,4,5,6,8,11}",7.147,12.250,25.875,0.333475
"{0,1,2,4,6,7,8,9}",7.147,12.250,25.500,0.337344
"{0,1,2,3,4,6,10,11}",7.147,12.500,25.000,0.320366
"{0,2,3,4,5,6,8,9}",7.147,12.625,26.250,0.317106
"{0,1,2,3,4,7,9,11}",7.150,12.125,24.625,0.337330
"{0,1,3,4,5,6,7,10}",7.154,12.625,26.375,0.332582
"{0,1,5,6,7,8,10,11}",7.154,12.625,26.000,0.331987
"{0,1,2,3,4,7,8,11}",7.157,12.250,24.500,0.335445
"{0,1,2,3,4,7,9,10}",7.159,12.500,26.250,0.336154
"{0,1,2,7,8,9,10,11}",7.159,13.000,25.500,0.317687
"{0,1,2,3,4,6,8,11}",7.166,12.250,24.750,0.326616
"{0,1,2,3,4,7,8,10}",7.166,12.375,26.000,0.333773
"{0,1,2,3,5,7,8,9}",7.166,12.375,25.625,0.337344
"{0,1,5,6,7,8,9,11}",7.166,12.875,26.500,0.322463
"{0,1,3,4,5,6,7,8}",7.173,12.500,24.875,0.317489
"{0,1,2,3,4,6,8,10}",7.175,12.375,26.125,0.323753
"{0,1,2,3,4,6,7,11}",7.177,12.375,24.750,0.326715
"{0,3,4,5,6,7,10,11}",7.177,12.750,26.375,0.337146
"{0,1,2,4,5,6,7,9}",7.180,12.125,24.500,0.335643
"{0,1,2,3,4,6,8,9}",7.187,12.375,26.000,0.325439
"{0,1,2,3,5,6,7,9}",7.187,12.375,26.000,0.329011
"{0,1,2,3,4,6,7,10}",7.187,12.500,26.125,0.325439
"{0,1,2,6,7,8,10,11}",7.187,12.750,26.375,0.329606
"{0,1,2,3,4,5,7,11}",7.190,12.500,25.000,0.316794
"{0,1,2,3,4,5,7,10}",7.199,12.250,24.750,0.325723
"{0,1,2,6,7,8,9,11}",7.199,12.625,26.000,0.336749
"{0,1,2,3,8,9,10,11}",7.199,13.000,25.500,0.314116
"{0,1,4,5,6,7,10,11}",7.199,13.000,28.000,0.338846
"{0,1,2,6,7,8,9,10}",7.208,13.000,26.625,0.327523
"{0,1,2,3,4,5,7,9}",7.211,12.375,24.875,0.325723
"{0,1,2,3,4,5,7,8}",7.218,12.500,24.875,0.317489
"{0,1,4,5,6,7,8,11}",7.218,12.750,26.375,0.337146
"{0,1,2,5,6,7,10,11}",7.220,12.750,26.375,0.337146
"{0,1,2,3,7,8,9,11}",7.230,12.750,26.375,0.329606
"{0,2,3,4,5,6,10,11}",7.231,12.750,26.375,0.322463
"{0,1,3,4,5,6,10,11}",7.239,12.750,26.125,0.331987
"{0,1,2,5,6,7,8,11}",7.239,13.000,28.000,0.332894
"{0,1,2,3,7,8,9,10}",7.240,12.750,26.125,0.337046
"{0,1,2,3,4,9,10,11}",7.244,12.875,25.375,0.317687
"{0,1,2,5,6,7,8,10}",7.248,12.500,25.750,0.333773
"{0,1,2,3,4,8,10,11}",7.251,12.625,25.125,0.322747
"{0,1,2,4,5,6,10,11}",7.253,12.875,26.500,0.327225
"{0,1,2,3,6,7,8,11}",7.258,12.750,26.375,0.332384
"{0,1,2,5,6,7,8,9}",7.260,12.875,26.500,0.333872
"{0,1,2,3,4,8,9,11}",7.263,12.375,24.750,0.330286
"{0,1,2,3,6,7,8,10}",7.267,12.375,25.625,0.339725
"{0,1,3,4,5,6,7,11}",7.269,12.750,26.375,0.321273
"{0,2,3,4,5,6,7,10}",7.272,12.500,25.000,0.323342
"{0,1,2,3,4,8,9,10}",7.272,12.750,26.375,0.327523
"{0,1,2,3,6,7,8,9}",7.279,13.125,28.125,0.330811
"{0,1,2,4,5,6,7,11}",7.283,12.625,26.000,0.333177
"{0,1,2,3,5,6,7,11}",7.291,12.875,26.500,0.320082
"{0,2,3,4,5,6,7,8}",7.291,12.875,25.375,0.301616
"{0,1,2,4,5,6,7,10}",7.293,12.625,26.250,0.325439
"{0,1,2,3,4,5,9,11}",7.296,12.625,25.125,0.317985
"{0,1,2,3,5,6,7,10}",7.300,12.125,24.125,0.338024
"{0,1,2,3,4,5,8,11}",7.303,12.500,24.875,0.317191
"{0,1,2,3,4,7,8,9}",7.303,12.750,26.375,0.333872
"{0,1,2,3,4,5,9,10}",7.305,12.500,24.875,0.325822
"{0,1,2,4,5,6,7,8}",7.312,12.875,26.500,0.316808
"{0,1,2,3,4,5,8,10}",7.313,12.375,24.875,0.324532
"{0,1,2,3,5,6,7,8}",7.319,12.750,26.125,0.320380
"{0,1,2,3,4,5,8,9}",7.324,12.500,24.750,0.325028
"{0,1,2,3,4,6,7,8}",7.331,12.875,26.500,0.316808
"{0,1,2,3,4,5,6,9}",7.345,12.625,25.000,0.310346
"{0,1,2,3,4,5,6,8}",7.352,12.750,25.250,0.301616
"{0,1,2,3,4,5,10,11}",7.409,13.000,25.500,0.310544
"{0,1,2,3,4,5,6,11}",7.449,13.000,25.500,0.301020
"{0,1,2,3,4,5,6,10}",7.458,12.875,25.375,0.308759
"{0,1,2,3,4,5,6,7}",7.489,13.125,25.625,0.295366
"{0,2,3,4,6,7,8,10,11}",6.573,12.000,24.667,0.335681
"{0,1,3,4,5,7,8,9,11}",6.601,12.000,24.667,0.335681
"{0,1,2,4,5,6,8,9,10}",6.629,12.111,24.778,0.333135
"{0,2,3,5,7,8,9,10,11}",6.733,12.444,25.778,0.335373
"{0,2,3,5,6,8,9,10,11}",6.741,12.667,27.111,0.328671
"{0,1,3,4,6,8,9,10,11}",6.757,12.333,25.667,0.337224
"{0,1,3,4,6,7,9,10,11}",6.768,12.556,27.000,0.337930
"{0,1,2,4,5,7,9,10,11}",6.791,12.222,25.556,0.343706
"{0,2,4,5,7,8,9,10,11}",6.837,12.556,25.889,0.338150
"{0,1,3,5,6,8,9,10,11}",6.858,12.556,25.889,0.332595
"{0,2,3,5,6,7,9,10,11}",6.862,12.333,25.556,0.343089
"{0,2,3,4,6,7,9,10,11}",6.872,12.111,25.333,0.347718
"{0,2,4,5,6,7,8,9,11}",6.872,12.444,25.778,0.339076
"{0,2,3,5,6,7,8,9,11}",6.879,12.778,27.222,0.329597
"{0,1,2,4,6,7,9,10,11}",6.891,12.333,25.667,0.343706
"{0,1,3,5,6,7,8,9,10}",6.894,12.556,25.889,0.336530
"{0,1,3,4,6,7,8,9,10}",6.904,12.778,27.222,0.334458
"{0,1,2,4,5,7,8,10,11}",6.909,12.667,27.111,0.337930
"{0,3,4,6,7,8,9,10,11}",6.925,12.667,25.889,0.328968
"{0,2,5,6,7,8,9,10,11}",6.927,12.889,26.222,0.323104
"{0,2,4,6,7,8,9,10,11}",6.937,12.667,26.000,0.332286
"{0,2,3,6,7,8,9,10,11}",6.944,12.778,26.000,0.329894
"{0,1,3,6,7,8,9,10,11}",6.950,12.889,26.222,0.326808
"{0,1,4,5,7,8,9,10,11}",6.955,12.667,25.889,0.334524
"{0,2,4,5,6,8,9,10,11}",6.956,12.778,27.111,0.330214
"{0,1,3,5,7,8,9,10,11}",6.962,12.667,26.000,0.331360
"{0,2,4,5,6,7,9,10,11}",6.967,12.333,25.333,0.345558
"{0,1,3,4,7,8,9,10,11}",6.972,12.667,25.889,0.336376
"{0,2,3,4,6,8,9,10,11}",6.973,12.667,27.000,0.332066
"{0,2,3,5,6,7,8,10,11}",6.980,12.444,25.667,0.331978
"{0,1,3,5,6,7,9,10,11}",6.980,12.778,27.111,0.332066
"{0,1,2,5,6,8,9,10,11}",6.982,12.667,25.889,0.330820
"{0,1,2,4,7,8,9,10,11}",6.984,12.778,26.111,0.335141
"{0,1,2,4,6,8,9,10,11}",6.992,12.556,25.889,0.335064
"{0,2,3,4,5,7,9,10,11}",6.995,12.333,25.333,0.347410
"{0,1,3,4,6,7,8,10,11}",6.997,12.333,25.556,0.345866
"{0,2,3,5,6,7,8,9,10}",6.999,12.667,26.000,0.332826
"{0,2,3,4,6,7,8,9,11}",7.000,12.333,25.556,0.341237
"{0,2,3,4,5,7,8,10,11}",7.001,12.444,25.667,0.336607
"{0,1,3,4,5,7,9,10,11}",7.001,12.667,27.000,0.336695
"{0,1,2,4,5,8,9,10,11}",7.003,12.667,25.889,0.335450
"{0,1,3,4,6,7,8,9,11}",7.007,12.222,25.444,0.336607
"{0,1,3,4,5,7,8,10,11}",7.008,12.222,25.444,0.345866
"{0,1,2,3,6,7,9,10,11}",7.009,12.667,25.889,0.335450
"{0,1,2,3,5,8,9,10,11}",7.010,12.778,26.111,0.327734
"{0,2,3,4,5,7,8,9,11}",7.011,12.333,25.556,0.341237
"{0,2,3,4,5,6,8,9,11}",7.019,12.778,27.222,0.329597
"{0,1,2,3,5,7,9,10,11}",7.020,12.556,25.889,0.335064
"{0,3,5,6,7,8,9,10,11}",7.026,13.000,26.333,0.319400
"{0,1,2,3,5,7,8,10,11}",7.027,12.444,25.778,0.337224
"{0,1,3,4,5,7,8,9,10}",7.027,12.444,25.667,0.341468
"{0,1,2,3,5,6,9,10,11}",7.028,12.667,25.889,0.330820
"{0,1,2,4,5,7,8,9,11}",7.030,12.333,25.556,0.347718
"{0,2,3,4,5,6,7,9,11}",7.030,12.444,25.778,0.339076
"{0,1,2,3,5,6,8,10,11}",7.034,12.444,25.778,0.332595
"{0,1,3,4,5,6,8,9,10}",7.034,12.444,25.667,0.336839
"{0,2,3,4,5,6,7,9,10}",7.038,12.556,25.889,0.335604
"{0,1,2,3,4,6,9,10,11}",7.038,12.667,26.000,0.330511
"{0,1,2,4,5,7,8,9,10}",7.039,12.333,25.556,0.338690
"{0,1,2,3,5,6,8,9,11}",7.045,12.778,27.222,0.328671
"{0,1,3,4,5,6,7,9,10}",7.045,12.889,27.333,0.332606
"{0,3,4,5,7,8,9,10,11}",7.047,12.778,26.000,0.333598
"{0,1,2,3,5,6,8,9,10}",7.053,12.444,25.667,0.338690
"{0,1,4,6,7,8,9,10,11}",7.055,12.889,26.222,0.329586
"{0,3,4,5,6,8,9,10,11}",7.055,13.111,27.556,0.326587
"{0,1,2,3,4,6,7,9,11}",7.065,12.333,25.667,0.338150
"{0,3,4,5,6,7,9,10,11}",7.065,13.000,27.444,0.333995
"{0,1,2,3,4,6,7,9,10}",7.074,12.778,27.222,0.334458
"{0,1,4,5,6,8,9,10,11}",7.074,12.778,26.000,0.334524
"{0,2,3,4,7,8,9,10,11}",7.076,12.778,26.000,0.339153
"{0,3,4,5,6,7,8,9,11}",7.082,12.778,26.000,0.322487
"{0,2,4,5,6,7,8,10,11}",7.084,12.889,27.222,0.326510
"{0,1,4,5,6,7,9,10,11}",7.084,13.000,27.444,0.334921
"{0,1,2,5,7,8,9,10,11}",7.085,12.889,26.222,0.330511
"{0,3,4,5,6,7,8,9,10}",7.091,13.000,26.333,0.320558
"{0,2,3,4,5,8,9,10,11}",7.095,13.111,27.556,0.332143
"{0,1,3,5,6,7,8,10,11}",7.097,12.444,25.444,0.340928
"{0,1,3,4,5,8,9,10,11}",7.102,12.778,26.000,0.336376
"{0,1,2,5,6,7,9,10,11}",7.103,12.667,25.889,0.338228
"{0,2,4,5,6,7,8,9,10}",7.103,12.889,26.222,0.322332
"{0,1,3,5,6,7,8,9,11}",7.108,12.889,27.222,0.323732
"{0,1,2,3,6,8,9,10,11}",7.110,12.889,26.222,0.327734
"{0,1,4,5,6,7,8,9,10}",7.110,12.889,26.111,0.326422
"{0,2,3,4,5,6,9,10,11}",7.114,13.000,27.444,0.334921
"{0,1,2,4,6,7,8,10,11}",7.120,12.778,27.111,0.336695
"{0,2,3,4,5,6,8,10,11}",7.120,12.778,27.111,0.323732
"{0,2,3,4,6,7,8,9,10}",7.120,12.889,27.222,0.329519
"{0,1,3,4,5,6,9,10,11}",7.120,13.111,27.556,0.332143
"{0,1,3,4,5,6,8,10,11}",7.127,12.444,25.444,0.340928
"{0,1,2,4,6,7,8,9,11}",7.130,12.333,25.333,0.347410
"{0,4,5,6,7,8,9,10,11}",7.130,13.222,26.556,0.316391
"{0,2,3,4,5,7,8,9,10}",7.131,12.556,25.556,0.337456
"{0,1,2,4,5,6,9,10,11}",7.132,12.778,26.000,0.338228
"{0,1,3,4,5,6,8,9,11}",7.137,12.556,25.778,0.331978
"{0,1,2,4,5,6,8,10,11}",7.139,12.778,27.111,0.332066
"{0,1,2,4,6,7,8,9,10}",7.139,12.889,27.222,0.330445
"{0,2,3,4,5,6,8,9,10}",7.139,12.889,27.222,0.324890
"{0,1,2,3,4,7,9,10,11}",7.141,12.778,26.111,0.335141
"{0,1,3,4,5,6,7,9,11}",7.147,12.778,27.111,0.326510
"{0,2,3,4,5,6,7,8,11}",7.147,12.778,26.000,0.322487
"{0,1,2,3,4,7,8,10,11}",7.148,12.667,25.889,0.336376
"{0,1,2,3,5,7,8,9,11}",7.148,12.778,27.111,0.332066
"{0,1,2,4,5,6,8,9,11}",7.149,12.333,25.556,0.343089
"{0,1,2,3,4,6,8,10,11}",7.156,12.556,25.889,0.331360
"{0,1,5,6,7,8,9,10,11}",7.156,13.222,26.556,0.319169
"{0,1,2,3,5,7,8,9,10}",7.157,12.444,25.444,0.343011
"{0,1,2,4,5,6,7,9,11}",7.160,12.333,25.333,0.345558
"{0,1,3,4,5,6,7,8,10}",7.162,12.667,26.000,0.335604
"{0,1,2,3,4,6,8,9,11}",7.166,12.444,25.778,0.335373
"{0,1,2,3,4,6,7,10,11}",7.166,12.667,25.889,0.334524
"{0,1,2,3,5,6,7,9,11}",7.166,12.778,27.111,0.330214
"{0,1,2,4,5,6,7,9,10}",7.168,12.556,25.778,0.336839
"{0,1,3,4,5,6,7,8,9}",7.173,12.889,26.111,0.320866
"{0,1,2,3,5,6,7,9,10}",7.175,12.444,25.667,0.341468
"{0,1,2,3,4,6,8,9,10}",7.175,12.778,27.111,0.330445
"{0,1,2,3,4,5,7,10,11}",7.177,12.778,26.111,0.329586
"{0,3,4,5,6,7,8,10,11}",7.183,12.889,26.111,0.329894
"{0,1,2,6,7,8,9,10,11}",7.185,13.222,26.556,0.324724
"{0,1,2,3,4,5,7,9,11}",7.188,12.556,25.889,0.332286
"{0,1,2,3,4,5,7,8,11}",7.194,12.667,25.889,0.328968
"{0,1,2,3,4,5,7,9,10}",7.196,12.556,25.889,0.336530
"{0,1,4,5,6,7,8,10,11}",7.202,13.111,27.556,0.335847
"{0,1,2,3,4,5,7,8,10}",7.203,12.556,25.889,0.332826
"{0,1,4,5,6,7,8,9,11}",7.212,12.889,26.111,0.333598
"{0,1,2,3,7,8,9,10,11}",7.213,13.222,26.556,0.326576
"{0,1,2,5,6,7,8,10,11}",7.221,13.111,27.556,0.332143
"{0,1,2,5,6,7,8,9,11}",7.231,13.111,27.556,0.334921
"{0,1,2,3,6,7,8,10,11}",7.238,12.778,26.000,0.336376
"{0,1,2,5,6,7,8,9,10}",7.240,13.000,26.222,0.332903
"{0,2,3,4,5,6,7,10,11}",7.242,12.778,26.000,0.333598
"{0,1,2,3,4,8,9,10,11}",7.242,13.111,26.444,0.326576
"{0,1,2,3,6,7,8,9,11}",7.248,13.111,27.556,0.332143
"{0,1,3,4,5,6,7,10,11}",7.248,13.111,27.556,0.335847
"{0,1,2,3,6,7,8,9,10}",7.257,13.222,27.667,0.335152
"{0,1,2,4,5,6,7,10,11}",7.260,13.111,27.556,0.334921
"{0,1,3,4,5,6,7,8,11}",7.265,12.778,26.000,0.329894
"{0,1,2,3,5,6,7,10,11}",7.267,12.889,26.111,0.334524
"{0,2,3,4,5,6,7,8,10}",7.267,12.889,26.222,0.318629
"{0,1,2,3,4,7,8,9,11}",7.269,12.667,25.889,0.339153
"{0,1,2,3,4,5,9,10,11}",7.271,13.111,26.444,0.324724
"{0,1,2,4,5,6,7,8,11}",7.277,13.111,27.556,0.333995
"{0,2,3,4,5,6,7,8,9}",7.277,13.111,26.444,0.318706
"{0,1,2,3,4,5,8,10,11}",7.278,12.889,26.222,0.326808
"{0,1,2,3,4,7,8,9,10}",7.278,13.111,27.556,0.335152
"{0,1,2,3,5,6,7,8,11}",7.284,13.111,27.556,0.326587
"{0,1,2,4,5,6,7,8,10}",7.286,13.000,27.333,0.324890
"{0,1,2,3,4,5,8,9,11}",7.288,12.778,26.000,0.329894
"{0,1,2,3,5,6,7,8,10}",7.292,12.556,25.556,0.337456
"{0,1,2,3,4,6,7,8,11}",7.294,12.778,26.000,0.333598
"{0,1,2,4,5,6,7,8,9}",7.296,12.889,26.111,0.330126
"{0,1,2,3,4,5,8,9,10}",7.297,12.778,26.000,0.332903
"{0,1,2,3,4,6,7,8,10}",7.303,12.889,27.222,0.329519
"{0,1,2,3,5,6,7,8,9}",7.303,13.222,27.667,0.327745
"{0,1,2,3,4,5,6,9,11}",7.306,12.889,26.222,0.323104
"{0,1,2,3,4,5,6,8,11}",7.313,12.889,26.222,0.319400
"{0,1,2,3,4,6,7,8,9}",7.313,13.111,27.556,0.327745
"{0,1,2,3,4,5,6,9,10}",7.315,12.889,26.111,0.326422
"{0,1,2,3,4,5,6,8,10}",7.322,12.778,26.111,0.322332
"{0,1,2,3,4,5,7,8,9}",7.324,12.889,26.111,0.330126
"{0,1,2,3,4,5,6,8,9}",7.332,12.889,26.111,0.320866
"{0,1,2,3,4,5,6,7,9}",7.342,13.000,26.333,0.318706
"{0,1,2,3,4,5,6,10,11}",7.407,13.222,26.556,0.319169
"{0,1,2,3,4,5,6,7,11}",7.434,13.222,26.556,0.316391
"{0,1,2,3,4,5,6,7,10}",7.443,13.111,26.444,0.320558
"{0,1,2,3,4,5,6,7,8}",7.460,13.333,26.667,0.309215
"{0,2,3,5,6,7,8,9,10,11}",6.999,13.100,27.100,0.329480
"{0,1,3,4,6,7,8,9,10,11}",7.014,13.000,27.000,0.334665
"{0,1,2,4,5,7,8,9,10,11}",7.035,13.000,27.000,0.337628
"{0,1,2,3,5,6,8,9,10,11}",7.048,13.000,27.000,0.331702
"{0,1,2,3,4,6,7,9,10,11}",7.067,12.900,26.900,0.337628
"{0,2,4,5,6,7,8,9,10,11}",7.093,13.200,27.200,0.329233
"{0,1,3,5,6,7,8,9,10,11}",7.105,13.200,27.200,0.328492
"{0,2,3,4,6,7,8,9,10,11}",7.108,13.000,26.900,0.334665
"{0,2,3,4,5,7,8,9,10,11}",7.118,13.100,27.100,0.336887
"{0,1,3,4,5,7,8,9,10,11}",7.124,13.000,26.900,0.336146
"{0,1,2,4,6,7,8,9,10,11}",7.125,13.100,27.100,0.335159
"{0,2,3,4,5,6,8,9,10,11}",7.125,13.300,28.300,0.329056
"{0,1,3,4,5,6,8,9,10,11}",7.131,13.100,27.100,0.334665
"{0,2,3,4,5,6,7,9,10,11}",7.134,13.000,27.000,0.339109
"{0,1,3,4,5,6,7,9,10,11}",7.140,13.300,28.300,0.332760
"{0,1,2,3,5,7,8,9,10,11}",7.141,13.100,27.100,0.332937
"{0,1,2,4,5,6,8,9,10,11}",7.142,13.000,26.900,0.335406
"{0,2,3,4,5,6,7,8,9,11}",7.150,13.100,27.100,0.330220
"{0,1,2,4,5,6,7,9,10,11}",7.151,13.000,27.000,0.339850
"{0,1,2,3,4,6,8,9,10,11}",7.157,13.000,27.000,0.332937
"{0,1,2,3,5,6,7,9,10,11}",7.157,13.000,26.900,0.335406
"{0,1,3,4,5,6,7,8,9,10}",7.163,13.200,27.200,0.330406
"{0,1,2,3,4,5,7,9,10,11}",7.176,13.000,27.000,0.335159
"{0,1,2,3,4,5,7,8,10,11}",7.182,13.000,27.000,0.334665
"{0,3,4,5,6,7,8,9,10,11}",7.182,13.400,27.400,0.324109
"{0,1,4,5,6,7,8,9,10,11}",7.199,13.400,27.400,0.328554
"{0,1,2,5,6,7,8,9,10,11}",7.216,13.400,27.400,0.329295
"{0,1,2,3,6,7,8,9,10,11}",7.231,13.400,27.400,0.330776
"{0,2,3,4,5,6,7,8,10,11}",7.240,13.100,27.000,0.327998
"{0,1,3,4,5,6,7,8,10,11}",7.246,13.100,27.100,0.337628
"{0,1,2,3,4,7,8,9,10,11}",7.250,13.300,27.300,0.334480
"{0,1,3,4,5,6,7,8,9,11}",7.255,13.100,27.000,0.327998
"{0,2,3,4,5,6,7,8,9,10}",7.257,13.300,27.300,0.324974
"{0,1,2,4,5,6,7,8,10,11}",7.257,13.400,28.400,0.332760
"{0,1,2,3,5,6,7,8,10,11}",7.263,13.100,27.100,0.334665
"{0,1,2,4,5,6,7,8,9,11}",7.267,13.100,27.100,0.339109
"{0,1,2,3,4,5,8,9,10,11}",7.267,13.300,27.300,0.330776
"{0,1,2,3,4,6,7,8,10,11}",7.272,13.000,26.900,0.336146
"{0,1,2,3,5,6,7,8,9,11}",7.272,13.400,28.400,0.329056
"{0,1,2,4,5,6,7,8,9,10}",7.274,13.200,27.100,0.329665
"{0,1,2,3,5,6,7,8,9,10}",7.280,13.200,27.200,0.335591
"{0,1,2,3,4,6,7,8,9,11}",7.282,13.000,27.000,0.336887
"{0,1,2,3,4,5,6,9,10,11}",7.284,13.300,27.300,0.329295
"{0,1,2,3,4,5,6,8,10,11}",7.289,13.100,27.100,0.328492
"{0,1,2,3,4,6,7,8,9,10}",7.289,13.400,28.400,0.331464
"{0,1,2,3,4,5,7,8,9,11}",7.292,13.000,26.900,0.334665
"{0,1,2,3,4,5,6,8,9,11}",7.299,13.100,27.100,0.329480
"{0,1,2,3,4,5,7,8,9,10}",7.299,13.100,27.100,0.335591
"{0,1,2,3,4,5,6,8,9,10}",7.306,13.100,27.000,0.329665
"{0,1,2,3,4,5,6,7,9,11}",7.308,13.100,27.100,0.329233
"{0,1,2,3,4,5,6,7,9,10}",7.316,13.200,27.200,0.330406
"{0,1,2,3,4,5,6,7,10,11}",7.399,13.400,27.400,0.328554
"{0,1,2,3,4,5,6,7,8,11}",7.414,13.400,27.400,0.324109
"{0,1,2,3,4,5,6,7,8,10}",7.422,13.300,27.300,0.324974
"{0,1,2,3,4,5,6,7,8,9}",7.431,13.500,27.500,0.321332
"{0,2,3,4,5,6,7,8,9,10,11}",7.234,13.545,28.091,0.329733
"{0,1,3,4,5,6,7,8,9,10,11}",7.239,13.545,28.091,0.330945
"{0,1,2,4,5,6,7,8,9,10,11}",7.249,13.545,28.091,0.333369
"{0,1,2,3,5,6,7,8,9,10,11}",7.255,13.545,28.091,0.331551
"{0,1,2,3,4,6,7,8,9,10,11}",7.263,13.455,28.000,0.334582
"{0,1,2,3,4,5,7,8,9,10,11}",7.272,13.455,28.000,0.334582
"{0,1,2,3,4,5,6,8,9,10,11}",7.279,13.455,28.000,0.331551
"{0,1,2,3,4,5,6,7,9,10,11}",7.287,13.455,28.000,0.333369
"{0,1,2,3,4,5,6,7,8,10,11}",7.383,13.545,28.091,0.330945
"{0,1,2,3,4,5,6,7,8,9,11}",7.392,13.545,28.091,0.329733
"{0,1,2,3,4,5,6,7,8,9,10}",7.399,13.636,28.182,0.328672
"{0,1,2,3,4,5,6,7,8,9,10,11}",7.366,13.833,28.833,0.331475